Open,High,Low,Close
1881.2900390625,1882.68994140625,1873.1800537109373,1881.97998046875
1881.9000244140625,1883.1099853515625,1874.3199462890625,1876.9100341796875
1877.300048828125,1877.6099853515625,1860.77001953125,1869.949951171875
1870.0999755859373,1876.0999755859373,1869.1800537109373,1871.4100341796875
1871.5999755859373,1877.1500244140625,1863.510009765625,1867.81005859375
1868.0999755859373,1879.6400146484373,1866.5699462890625,1879.199951171875
1879.6500244140625,1880.4000244140625,1873.300048828125,1874.3800048828125
1874.6400146484373,1880.7900390625,1872.199951171875,1879.280029296875
1879.280029296875,1886.8800048828125,1877.510009765625,1886.75
1887.0999755859373,1908.1099853515625,1887.0,1894.6400146484373
1894.72998046875,1894.72998046875,1885.0899658203125,1886.6600341796875
1886.8199462890625,1887.8900146484373,1878.4599609375,1886.6600341796875
1886.68994140625,1887.1199951171875,1878.8499755859373,1882.4000244140625
1882.260009765625,1883.3699951171875,1875.1199951171875,1882.760009765625
1882.199951171875,1884.4300537109373,1870.1600341796875,1870.7099609375
1872.47998046875,1873.510009765625,1846.5899658203125,1854.9000244140625
1856.6400146484373,1861.0799560546875,1847.1700439453125,1860.8800048828125
1860.4200439453125,1867.6199951171875,1852.0799560546875,1860.0
1860.0400390625,1864.5,1851.5999755859373,1855.6600341796875
1855.5400390625,1865.0,1853.0999755859373,1864.9000244140625
1865.0699462890625,1865.0699462890625,1856.6600341796875,1860.800048828125
1861.43994140625,1862.6199951171875,1856.1700439453125,1862.030029296875
1861.9000244140625,1863.6700439453125,1856.56005859375,1859.22998046875
1859.2099609375,1859.6400146484373,1855.3599853515625,1855.6199951171875
1855.6199951171875,1859.969970703125,1855.02001953125,1857.6800537109373
1857.6700439453125,1861.050048828125,1857.199951171875,1859.8800048828125
1859.8800048828125,1862.989990234375,1855.800048828125,1858.510009765625
1858.510009765625,1862.0400390625,1856.6099853515625,1858.1300048828125
1858.5999755859373,1860.1099853515625,1856.4300537109373,1857.9000244140625
1857.8199462890625,1858.9200439453125,1854.72998046875,1856.9200439453125
1856.8299560546875,1860.949951171875,1856.8299560546875,1859.6199951171875
1859.6300048828125,1861.3599853515625,1855.1600341796875,1856.6400146484373
1856.5799560546875,1858.550048828125,1853.1500244140625,1857.1800537109373
1856.9000244140625,1857.1199951171875,1854.489990234375,1854.489990234375
1854.4200439453125,1854.47998046875,1849.6800537109373,1852.0799560546875
1852.3299560546875,1857.1600341796875,1850.2099609375,1856.5400390625
1856.75,1857.489990234375,1854.739990234375,1856.77001953125
1856.77001953125,1858.199951171875,1855.8399658203125,1856.06005859375
1856.0899658203125,1858.5799560546875,1855.0999755859373,1858.3699951171875
1858.3599853515625,1869.300048828125,1857.8800048828125,1865.260009765625
1865.52001953125,1867.489990234375,1863.510009765625,1867.050048828125
1866.8599853515625,1869.5999755859373,1865.4000244140625,1866.0999755859373
1866.2099609375,1868.75,1862.97998046875,1866.3299560546875
1866.5999755859373,1872.6600341796875,1866.25,1871.3599853515625
1871.6300048828125,1874.6199951171875,1870.530029296875,1873.7099609375
1873.699951171875,1874.8499755859373,1872.6099853515625,1873.06005859375
1873.3900146484373,1873.3900146484373,1868.8599853515625,1870.5
1870.510009765625,1872.68994140625,1866.1300048828125,1870.989990234375
1870.97998046875,1875.3599853515625,1870.5,1874.31005859375
1874.3800048828125,1874.6800537109373,1871.5999755859373,1873.050048828125
1873.010009765625,1879.5899658203125,1872.1600341796875,1879.4000244140625
1879.6800537109373,1879.9599609375,1876.1199951171875,1877.0400390625
1877.1300048828125,1879.77001953125,1875.5,1879.1400146484373
1879.1500244140625,1882.4000244140625,1877.2900390625,1880.43994140625
1881.1600341796875,1887.43994140625,1878.6400146484373,1884.6800537109373
1884.8299560546875,1885.780029296875,1881.739990234375,1881.8399658203125
1881.719970703125,1883.6300048828125,1876.9100341796875,1883.3800048828125
1883.6300048828125,1884.6199951171875,1878.989990234375,1879.8499755859373
1879.8699951171875,1880.8800048828125,1877.6400146484373,1879.8299560546875
1879.8399658203125,1884.0,1879.6500244140625,1882.0899658203125
1882.27001953125,1885.8599853515625,1880.699951171875,1884.3199462890625
1884.2099609375,1886.0899658203125,1883.0400390625,1884.2099609375
1884.4100341796875,1891.77001953125,1883.81005859375,1884.8599853515625
1884.8399658203125,1887.22998046875,1880.550048828125,1885.010009765625
1885.0699462890625,1897.8399658203125,1885.0699462890625,1896.93994140625
1897.5799560546875,1914.7099609375,1896.239990234375,1913.2900390625
1914.5899658203125,1925.3599853515625,1907.280029296875,1914.6099853515625
1914.489990234375,1916.030029296875,1909.0999755859373,1909.3499755859373
1909.300048828125,1914.4300537109373,1909.300048828125,1912.739990234375
1912.739990234375,1914.18994140625,1910.2099609375,1912.3599853515625
1912.550048828125,1913.0,1909.699951171875,1912.02001953125
1912.02001953125,1928.25,1912.02001953125,1924.0899658203125
1925.77001953125,1950.97998046875,1925.77001953125,1947.9100341796875
1949.760009765625,1963.81005859375,1945.469970703125,1952.9300537109373
1953.0,1953.0,1937.7099609375,1940.6300048828125
1940.719970703125,1946.3699951171875,1934.3199462890625,1946.300048828125
1946.52001953125,1947.5999755859373,1939.9599609375,1941.5999755859373
1941.719970703125,1948.219970703125,1940.6400146484373,1948.02001953125
1948.06005859375,1959.9000244140625,1946.8900146484373,1951.5400390625
1951.760009765625,1967.8800048828125,1950.5999755859373,1963.9300537109373
1963.9200439453125,1975.6199951171875,1962.0,1966.77001953125
1965.9599609375,1970.0,1960.260009765625,1962.68994140625
1964.0999755859373,1966.9000244140625,1960.5,1963.300048828125
1961.5999755859373,1966.6400146484373,1955.469970703125,1963.4200439453125
1963.0,1970.199951171875,1961.780029296875,1965.9200439453125
1965.4000244140625,1965.4000244140625,1956.43994140625,1957.97998046875
1957.699951171875,1963.030029296875,1942.010009765625,1955.5799560546875
1955.97998046875,1975.699951171875,1948.9000244140625,1959.0899658203125
1959.4599609375,1963.93994140625,1918.199951171875,1930.1700439453125
1930.3699951171875,1935.699951171875,1923.22998046875,1925.43994140625
1925.8800048828125,1944.5899658203125,1921.300048828125,1938.5
1938.02001953125,1944.1700439453125,1933.0,1941.9000244140625
1942.1400146484373,1942.5799560546875,1927.1500244140625,1937.199951171875
1937.199951171875,1953.6199951171875,1935.530029296875,1946.8399658203125
1948.1700439453125,1948.4000244140625,1941.56005859375,1945.0
1944.949951171875,1948.199951171875,1939.199951171875,1940.0
1939.989990234375,1939.989990234375,1890.0799560546875,1892.1099853515625
1890.449951171875,1894.219970703125,1881.9100341796875,1890.6700439453125
1891.27001953125,1892.5999755859373,1876.1700439453125,1877.31005859375
1877.699951171875,1880.989990234375,1865.199951171875,1874.1300048828125
1873.5899658203125,1878.6300048828125,1870.8399658203125,1874.0
1873.8599853515625,1881.22998046875,1871.5,1879.4100341796875
1879.22998046875,1880.800048828125,1874.6600341796875,1877.3699951171875
1877.3399658203125,1887.6099853515625,1876.7099609375,1881.31005859375
1881.2099609375,1886.6199951171875,1876.699951171875,1886.6199951171875
1886.52001953125,1886.8699951171875,1878.0999755859373,1881.8800048828125
1881.300048828125,1883.6600341796875,1878.1099853515625,1882.489990234375
1882.1600341796875,1882.9300537109373,1872.510009765625,1874.260009765625
1873.699951171875,1879.25,1872.010009765625,1876.9200439453125
1877.25,1880.22998046875,1869.75,1874.7900390625
1874.8199462890625,1891.239990234375,1872.510009765625,1890.4000244140625
1891.199951171875,1894.31005859375,1856.0400390625,1872.0999755859373
1872.699951171875,1891.1400146484373,1865.6400146484373,1886.8399658203125
1886.5899658203125,1922.199951171875,1882.6600341796875,1918.219970703125
1917.8299560546875,1926.300048828125,1912.6199951171875,1924.010009765625
1923.4000244140625,1923.4000244140625,1892.06005859375,1899.800048828125
1899.489990234375,1912.530029296875,1899.489990234375,1908.81005859375
1909.31005859375,1920.239990234375,1909.2900390625,1919.6400146484373
1921.3299560546875,1921.8299560546875,1914.3900146484373,1916.1099853515625
1916.300048828125,1925.0999755859373,1916.02001953125,1921.7099609375
1922.550048828125,1924.6600341796875,1907.8499755859373,1909.760009765625
1909.6099853515625,1920.800048828125,1902.010009765625,1920.0
1920.0,1926.449951171875,1914.550048828125,1914.800048828125
1914.4599609375,1915.8299560546875,1902.5899658203125,1903.3900146484373
1903.0999755859373,1917.1199951171875,1899.0999755859373,1908.4000244140625
1907.9000244140625,1910.5,1888.4100341796875,1890.1600341796875
1890.43994140625,1903.2900390625,1882.18994140625,1903.0699462890625
1903.239990234375,1912.6800537109373,1901.6099853515625,1910.219970703125
1910.22998046875,1918.9000244140625,1906.5699462890625,1917.81005859375
1918.5699462890625,1922.0999755859373,1911.81005859375,1921.280029296875
1922.3299560546875,1922.9000244140625,1909.8199462890625,1912.8599853515625
1912.8699951171875,1922.3399658203125,1912.699951171875,1919.97998046875
1920.0899658203125,1920.1700439453125,1908.56005859375,1909.8299560546875
1909.780029296875,1914.9000244140625,1908.3800048828125,1913.010009765625
1912.989990234375,1912.989990234375,1901.280029296875,1902.9300537109373
1902.77001953125,1908.6700439453125,1895.969970703125,1907.300048828125
1907.3199462890625,1909.300048828125,1889.0,1892.6500244140625
1892.800048828125,1896.0,1884.77001953125,1889.81005859375
1889.699951171875,1896.050048828125,1885.2900390625,1892.7099609375
1892.530029296875,1913.739990234375,1892.0999755859373,1913.739990234375
1923.8199462890625,1931.68994140625,1892.25,1918.199951171875
1918.699951171875,1920.4000244140625,1882.7900390625,1886.6199951171875
1886.02001953125,1889.5,1876.5,1882.469970703125
1882.010009765625,1896.050048828125,1872.25,1896.050048828125
1896.18994140625,1909.0899658203125,1896.18994140625,1904.7099609375
1904.760009765625,1910.719970703125,1900.199951171875,1908.47998046875
1908.68994140625,1912.5999755859373,1891.68994140625,1895.8299560546875
1897.0999755859373,1918.800048828125,1895.31005859375,1914.300048828125
1914.7900390625,1917.489990234375,1907.8800048828125,1908.5
1908.5400390625,1912.6199951171875,1905.199951171875,1907.5400390625
1908.0999755859373,1908.1800537109373,1899.1199951171875,1899.3199462890625
1899.3199462890625,1907.050048828125,1897.699951171875,1903.800048828125
1903.780029296875,1904.050048828125,1896.8399658203125,1898.5999755859373
1898.5999755859373,1905.25,1897.6400146484373,1900.4599609375
1900.9100341796875,1915.300048828125,1897.9100341796875,1912.5999755859373
1912.68994140625,1920.3900146484373,1911.5999755859373,1915.489990234375
1915.489990234375,1919.3499755859373,1914.3299560546875,1915.9100341796875
1916.0799560546875,1923.5,1914.1300048828125,1920.550048828125
1921.0799560546875,1924.6300048828125,1917.5400390625,1922.8900146484373
1923.1099853515625,1934.1500244140625,1914.739990234375,1927.8900146484373
1927.5699462890625,1928.0999755859373,1912.1800537109373,1915.6800537109373
1916.1199951171875,1922.1400146484373,1912.199951171875,1916.699951171875
1917.010009765625,1923.9599609375,1913.68994140625,1917.47998046875
1917.6099853515625,1923.5400390625,1914.27001953125,1918.6800537109373
1918.6800537109373,1920.6099853515625,1913.1099853515625,1914.260009765625
1914.239990234375,1927.47998046875,1913.97998046875,1922.0799560546875
1921.8499755859373,1925.449951171875,1918.199951171875,1919.56005859375
1919.780029296875,1922.800048828125,1915.6800537109373,1916.8900146484373
1916.1400146484373,1931.510009765625,1914.3699951171875,1924.1199951171875
1923.8499755859373,1934.989990234375,1916.3599853515625,1916.8199462890625
1917.3199462890625,1920.6600341796875,1913.5,1914.9599609375
1916.030029296875,1934.0,1905.6400146484373,1908.300048828125
1907.8399658203125,1910.3499755859373,1899.8499755859373,1902.1800537109373
1902.06005859375,1909.6500244140625,1898.1600341796875,1906.81005859375
1906.800048828125,1907.5,1901.3299560546875,1903.9200439453125
1904.0799560546875,1907.3699951171875,1899.56005859375,1904.4000244140625
1904.27001953125,1908.8800048828125,1898.510009765625,1900.800048828125
1900.02001953125,1900.800048828125,1882.97998046875,1888.239990234375
1888.0,1891.43994140625,1885.9300537109373,1888.6199951171875
1888.8900146484373,1889.510009765625,1879.780029296875,1881.9300537109373
1881.699951171875,1888.0999755859373,1876.0799560546875,1885.1800537109373
1885.4000244140625,1887.97998046875,1880.699951171875,1882.5999755859373
1882.5,1882.530029296875,1871.510009765625,1880.56005859375
1880.760009765625,1888.5899658203125,1862.5899658203125,1864.3299560546875
1864.3800048828125,1867.7099609375,1846.260009765625,1857.300048828125
1857.4000244140625,1863.9200439453125,1852.1500244140625,1860.56005859375
1860.5400390625,1865.030029296875,1858.8599853515625,1862.97998046875
1862.5999755859373,1876.2099609375,1861.4200439453125,1873.27001953125
1873.0799560546875,1874.97998046875,1863.0799560546875,1869.780029296875
1870.0999755859373,1872.3299560546875,1863.43994140625,1866.52001953125
1865.969970703125,1868.6600341796875,1859.550048828125,1860.4000244140625
1860.1300048828125,1862.8800048828125,1857.3199462890625,1860.0
1860.199951171875,1863.760009765625,1856.9599609375,1859.6300048828125
1859.8499755859373,1863.02001953125,1859.18994140625,1860.6400146484373
1860.8699951171875,1865.8499755859373,1860.6400146484373,1862.8599853515625
1862.8599853515625,1865.6099853515625,1862.8599853515625,1865.1600341796875
1865.3900146484373,1868.199951171875,1864.9200439453125,1866.5699462890625
1866.4200439453125,1868.1199951171875,1864.8399658203125,1868.0899658203125
1868.0999755859373,1868.77001953125,1866.1800537109373,1867.9100341796875
1867.9000244140625,1869.280029296875,1863.510009765625,1865.5799560546875
1865.5799560546875,1869.0899658203125,1864.68994140625,1868.530029296875
1868.8800048828125,1870.0899658203125,1866.5899658203125,1867.6800537109373
1867.800048828125,1868.3900146484373,1865.760009765625,1867.5999755859373
1868.4000244140625,1869.02001953125,1865.9200439453125,1865.9200439453125
1866.4300537109373,1867.1800537109373,1861.31005859375,1865.5799560546875
1865.31005859375,1866.050048828125,1864.1199951171875,1865.18994140625
1865.1600341796875,1868.0999755859373,1865.1600341796875,1867.1800537109373
1867.010009765625,1867.800048828125,1865.9599609375,1867.3900146484373
1867.5400390625,1873.449951171875,1867.4300537109373,1873.4100341796875
1873.550048828125,1873.699951171875,1868.260009765625,1868.260009765625
1868.4599609375,1871.7099609375,1864.7900390625,1867.18994140625
1867.1199951171875,1868.5999755859373,1856.3499755859373,1860.469970703125
1859.97998046875,1861.31005859375,1820.6600341796875,1835.300048828125
1834.5999755859373,1838.8900146484373,1833.02001953125,1835.550048828125
1835.3199462890625,1838.6199951171875,1831.300048828125,1836.6199951171875
1836.489990234375,1844.1199951171875,1835.1400146484373,1844.030029296875
1844.4000244140625,1847.489990234375,1842.93994140625,1845.5
1845.5,1847.300048828125,1841.6099853515625,1843.1800537109373
1843.3900146484373,1847.9000244140625,1842.010009765625,1844.800048828125
1845.3800048828125,1856.739990234375,1845.199951171875,1855.1099853515625
1855.1700439453125,1882.0,1854.31005859375,1874.9300537109373
1875.5999755859373,1878.469970703125,1872.6300048828125,1875.510009765625
1876.0,1880.219970703125,1876.0,1879.2099609375
1879.010009765625,1880.800048828125,1873.3800048828125,1874.5899658203125
1874.6500244140625,1877.1099853515625,1873.1199951171875,1875.6400146484373
1875.550048828125,1876.81005859375,1873.699951171875,1874.050048828125
1874.43994140625,1876.989990234375,1865.4300537109373,1866.2099609375
1866.3399658203125,1871.1400146484373,1861.0,1869.1199951171875
1868.9000244140625,1869.3199462890625,1863.6700439453125,1866.8499755859373
1866.8299560546875,1867.699951171875,1847.3299560546875,1850.800048828125
1851.3699951171875,1858.3599853515625,1851.199951171875,1855.3599853515625
1854.7099609375,1856.300048828125,1850.8299560546875,1853.0
1852.7099609375,1856.9100341796875,1850.4000244140625,1853.02001953125
1853.06005859375,1859.510009765625,1852.1800537109373,1857.1199951171875
1857.3299560546875,1863.6199951171875,1854.3900146484373,1861.31005859375
1861.1500244140625,1868.1800537109373,1860.4200439453125,1866.800048828125
1866.739990234375,1884.6400146484373,1866.3599853515625,1873.8399658203125
1873.6300048828125,1881.7900390625,1872.699951171875,1880.06005859375
1880.7099609375,1883.550048828125,1877.68994140625,1881.6800537109373
1881.7099609375,1895.9100341796875,1880.1099853515625,1888.3800048828125
1891.9000244140625,1895.8599853515625,1878.93994140625,1879.9300537109373
1879.6800537109373,1883.4000244140625,1874.3699951171875,1883.3499755859373
1883.1600341796875,1883.8299560546875,1870.0400390625,1871.6199951171875
1871.0,1873.3299560546875,1863.6099853515625,1864.9200439453125
1864.6400146484373,1869.56005859375,1860.6400146484373,1862.0
1861.4000244140625,1863.280029296875,1849.9000244140625,1855.0899658203125
1854.4200439453125,1860.699951171875,1852.4100341796875,1852.5699462890625
1852.800048828125,1858.5,1851.31005859375,1857.530029296875
1857.56005859375,1858.6600341796875,1844.1400146484373,1846.72998046875
1847.0799560546875,1847.52001953125,1838.199951171875,1841.4300537109373
1841.3499755859373,1843.0999755859373,1826.75,1837.8499755859373
1838.0,1851.1099853515625,1836.800048828125,1850.1099853515625
1850.199951171875,1851.9599609375,1839.4200439453125,1843.6800537109373
1844.18994140625,1845.3900146484373,1836.2900390625,1837.4000244140625
1837.1199951171875,1843.0400390625,1834.0999755859373,1841.22998046875
1841.0999755859373,1858.1199951171875,1836.18994140625,1856.9000244140625
1856.719970703125,1871.9000244140625,1849.06005859375,1871.699951171875
1871.800048828125,1872.0,1858.6199951171875,1861.0999755859373
1861.719970703125,1870.43994140625,1859.800048828125,1864.3199462890625
1864.5999755859373,1872.3299560546875,1861.6800537109373,1867.1300048828125
1867.1300048828125,1872.1300048828125,1865.030029296875,1867.0
1867.3599853515625,1874.739990234375,1866.6600341796875,1868.5699462890625
1868.6700439453125,1874.469970703125,1865.0,1867.52001953125
1867.52001953125,1867.699951171875,1861.9300537109373,1862.0899658203125
1861.93994140625,1864.0799560546875,1851.18994140625,1858.6300048828125
1858.6199951171875,1858.8900146484373,1854.4000244140625,1858.8900146484373
1858.9599609375,1861.4300537109373,1847.0,1849.300048828125
1849.75,1867.239990234375,1847.6199951171875,1865.8299560546875
1866.8599853515625,1869.52001953125,1860.52001953125,1864.3399658203125
1864.3900146484373,1865.4300537109373,1856.6199951171875,1862.4599609375
1862.43994140625,1872.739990234375,1860.3299560546875,1866.280029296875
1868.800048828125,1868.800048828125,1862.4599609375,1862.6600341796875
1862.6700439453125,1867.050048828125,1853.2099609375,1855.22998046875
1855.219970703125,1862.72998046875,1851.43994140625,1862.0799560546875
1862.010009765625,1864.06005859375,1855.0400390625,1855.760009765625
1855.5,1856.8800048828125,1851.530029296875,1856.6800537109373
1856.0,1870.8499755859373,1851.9000244140625,1864.9100341796875
1865.22998046875,1872.8900146484373,1864.0799560546875,1870.8299560546875
1870.81005859375,1879.7099609375,1866.3499755859373,1873.510009765625
1873.31005859375,1875.81005859375,1857.6800537109373,1859.22998046875
1859.3699951171875,1873.8900146484373,1856.47998046875,1871.1199951171875
1871.1800537109373,1876.0899658203125,1860.1300048828125,1871.4100341796875
1871.72998046875,1871.8900146484373,1864.010009765625,1868.219970703125
1868.6700439453125,1876.239990234375,1865.6500244140625,1868.06005859375
1867.9300537109373,1879.4100341796875,1867.9300537109373,1873.9000244140625
1873.800048828125,1879.760009765625,1872.5999755859373,1873.6800537109373
1874.280029296875,1878.449951171875,1864.989990234375,1875.3199462890625
1875.3599853515625,1875.3599853515625,1870.4300537109373,1870.8800048828125
1870.5999755859373,1875.510009765625,1867.2099609375,1874.1800537109373
1874.280029296875,1879.6700439453125,1867.510009765625,1868.3900146484373
1868.300048828125,1871.9000244140625,1861.9200439453125,1862.469970703125
1862.5,1873.0,1859.81005859375,1871.949951171875
1872.1099853515625,1876.47998046875,1870.989990234375,1872.97998046875
1872.9000244140625,1874.6600341796875,1862.699951171875,1866.1300048828125
1866.1400146484373,1867.989990234375,1863.3800048828125,1865.8199462890625
1865.7099609375,1875.3599853515625,1865.530029296875,1871.969970703125
1871.760009765625,1872.0400390625,1866.5999755859373,1868.2099609375
1868.27001953125,1870.5,1861.8900146484373,1870.5
1870.739990234375,1872.489990234375,1866.219970703125,1868.0899658203125
1868.0999755859373,1873.0699462890625,1867.02001953125,1870.3299560546875
1870.3199462890625,1874.31005859375,1864.5799560546875,1866.719970703125
1866.6400146484373,1869.4100341796875,1865.75,1867.1099853515625
1867.0999755859373,1883.0,1866.1400146484373,1874.5
1874.5799560546875,1877.72998046875,1853.9200439453125,1877.1300048828125
1876.9000244140625,1881.0,1867.6800537109373,1874.5999755859373
1874.5699462890625,1881.56005859375,1871.31005859375,1872.3499755859373
1872.280029296875,1895.4000244140625,1871.739990234375,1893.949951171875
1894.6400146484373,1915.6800537109373,1889.4000244140625,1914.5
1915.8499755859373,1925.719970703125,1912.27001953125,1916.280029296875
1915.68994140625,1919.68994140625,1914.010009765625,1915.449951171875
1916.1199951171875,1923.010009765625,1915.2099609375,1915.5699462890625
1915.9100341796875,1915.9100341796875,1905.27001953125,1906.9200439453125
1907.280029296875,1911.75,1904.989990234375,1905.27001953125
1905.1199951171875,1910.43994140625,1903.0699462890625,1907.2900390625
1907.739990234375,1912.300048828125,1905.56005859375,1908.8399658203125
1908.550048828125,1909.300048828125,1901.6099853515625,1904.93994140625
1904.280029296875,1909.0,1893.300048828125,1897.4000244140625
1896.9599609375,1897.5799560546875,1893.6800537109373,1897.199951171875
1897.010009765625,1906.4000244140625,1893.989990234375,1906.0899658203125
1906.199951171875,1916.9100341796875,1905.5999755859373,1912.31005859375
1912.0799560546875,1912.800048828125,1907.6600341796875,1911.6700439453125
1911.6700439453125,1913.199951171875,1905.3499755859373,1907.3399658203125
1907.5,1916.8699951171875,1906.43994140625,1914.1600341796875
1914.18994140625,1914.6600341796875,1902.7900390625,1905.6600341796875
1905.6500244140625,1905.6500244140625,1899.5699462890625,1900.0799560546875
1900.719970703125,1907.4599609375,1894.949951171875,1905.8399658203125
1905.719970703125,1906.1199951171875,1896.43994140625,1896.75
1896.8199462890625,1909.550048828125,1890.699951171875,1905.8199462890625
1905.6500244140625,1916.1600341796875,1901.9100341796875,1913.239990234375
1913.3800048828125,1918.050048828125,1909.02001953125,1909.1199951171875
1909.6199951171875,1914.77001953125,1906.93994140625,1914.010009765625
1914.510009765625,1917.0699462890625,1908.6300048828125,1912.4200439453125
1912.52001953125,1912.5999755859373,1902.43994140625,1904.4300537109373
1905.06005859375,1909.6400146484373,1904.280029296875,1908.47998046875
1908.4100341796875,1909.550048828125,1904.4100341796875,1905.6600341796875
1905.6500244140625,1908.0,1904.4100341796875,1904.56005859375
1904.9200439453125,1905.9000244140625,1900.8900146484373,1903.6600341796875
1903.3299560546875,1904.3399658203125,1897.1300048828125,1902.4200439453125
1902.0400390625,1903.800048828125,1898.1099853515625,1902.18994140625
1902.4000244140625,1905.8199462890625,1897.52001953125,1901.780029296875
1901.4000244140625,1906.5999755859373,1896.5,1900.97998046875
1900.8499755859373,1902.1300048828125,1895.0999755859373,1895.6500244140625
1895.3499755859373,1898.9100341796875,1892.8699951171875,1895.6500244140625
1895.6400146484373,1900.6500244140625,1893.8900146484373,1899.81005859375
1899.7099609375,1906.0899658203125,1898.6300048828125,1903.0400390625
1902.699951171875,1905.780029296875,1900.9300537109373,1900.9300537109373
1900.4599609375,1912.4000244140625,1900.4599609375,1909.3599853515625
1909.27001953125,1916.300048828125,1909.0,1911.800048828125
1912.530029296875,1914.4599609375,1911.2900390625,1911.4300537109373
1911.4200439453125,1919.5799560546875,1911.4000244140625,1914.8900146484373
1914.989990234375,1940.6500244140625,1914.969970703125,1930.989990234375
1931.4000244140625,1933.6099853515625,1920.3199462890625,1921.3800048828125
1922.1600341796875,1925.1700439453125,1909.4599609375,1912.1099853515625
1912.0400390625,1919.6600341796875,1911.5,1916.5899658203125
1917.0400390625,1923.8699951171875,1908.010009765625,1908.010009765625
1907.9000244140625,1911.5699462890625,1904.3399658203125,1911.010009765625
1910.699951171875,1914.2900390625,1904.8699951171875,1908.22998046875
1909.3900146484373,1919.199951171875,1909.0999755859373,1918.0999755859373
1918.0799560546875,1919.18994140625,1913.2900390625,1913.8599853515625
1913.7099609375,1919.1500244140625,1911.4100341796875,1915.5
1915.0999755859373,1915.6400146484373,1912.989990234375,1913.989990234375
1913.989990234375,1915.3299560546875,1913.0400390625,1913.1500244140625
1913.1600341796875,1914.06005859375,1911.5899658203125,1913.5699462890625
1913.3299560546875,1915.2900390625,1913.280029296875,1913.719970703125
1913.719970703125,1913.8299560546875,1911.56005859375,1912.4599609375
1912.489990234375,1918.3900146484373,1912.489990234375,1917.1099853515625
1917.0999755859373,1918.52001953125,1915.2099609375,1916.2099609375
1916.0999755859373,1917.949951171875,1914.8399658203125,1916.5699462890625
1916.739990234375,1917.0999755859373,1915.3299560546875,1915.56005859375
1915.760009765625,1915.969970703125,1913.2099609375,1914.27001953125
1914.27001953125,1916.9000244140625,1913.6700439453125,1915.8800048828125
1915.989990234375,1921.8499755859373,1915.0999755859373,1917.719970703125
1917.72998046875,1921.6600341796875,1917.719970703125,1919.97998046875
1920.0999755859373,1921.699951171875,1918.199951171875,1919.6099853515625
1919.5699462890625,1921.0,1917.6099853515625,1918.0999755859373
1918.1800537109373,1919.530029296875,1917.3900146484373,1918.949951171875
1918.9000244140625,1924.699951171875,1918.9000244140625,1922.5999755859373
1922.6500244140625,1923.2900390625,1920.239990234375,1921.239990234375
1921.22998046875,1923.5899658203125,1920.4300537109373,1921.4200439453125
1921.510009765625,1924.8900146484373,1920.9100341796875,1922.47998046875
1922.47998046875,1922.47998046875,1918.52001953125,1920.1099853515625
1920.0999755859373,1920.280029296875,1918.4000244140625,1919.1600341796875
1918.6099853515625,1919.9100341796875,1918.4100341796875,1918.8399658203125
1918.77001953125,1920.989990234375,1918.6300048828125,1919.239990234375
1919.5999755859373,1919.9100341796875,1915.3199462890625,1915.43994140625
1914.9300537109373,1917.4300537109373,1913.3299560546875,1915.4200439453125
1915.3800048828125,1917.06005859375,1914.9200439453125,1916.510009765625
1916.199951171875,1918.6199951171875,1911.9000244140625,1914.739990234375
1914.6500244140625,1915.31005859375,1912.3399658203125,1913.4599609375
1913.1600341796875,1913.4100341796875,1911.300048828125,1912.739990234375
1912.6800537109373,1914.260009765625,1911.52001953125,1911.8399658203125
1911.7900390625,1913.699951171875,1911.68994140625,1913.1500244140625
1913.1500244140625,1918.1199951171875,1912.72998046875,1917.7099609375
1917.7099609375,1917.9000244140625,1915.5899658203125,1917.5
1917.6199951171875,1923.4000244140625,1912.8800048828125,1914.47998046875
1914.300048828125,1919.9000244140625,1912.010009765625,1919.8299560546875
1919.8499755859373,1921.0999755859373,1918.199951171875,1918.719970703125
1918.9100341796875,1919.8599853515625,1917.1199951171875,1917.9300537109373
1917.9300537109373,1917.989990234375,1915.280029296875,1916.27001953125
1916.5999755859373,1924.280029296875,1916.469970703125,1921.989990234375
1922.1400146484373,1924.9000244140625,1921.1700439453125,1923.489990234375
1923.6700439453125,1925.0,1922.7099609375,1924.6400146484373
1924.9300537109373,1924.969970703125,1920.2099609375,1922.7099609375
1922.68994140625,1923.760009765625,1921.6700439453125,1921.6700439453125
1921.6700439453125,1922.5699462890625,1919.0999755859373,1920.0999755859373
1920.1300048828125,1921.22998046875,1919.81005859375,1920.56005859375
1920.5699462890625,1920.9300537109373,1916.7099609375,1919.780029296875
1919.7900390625,1924.93994140625,1918.5,1923.219970703125
1923.9599609375,1936.22998046875,1914.0,1918.280029296875
1917.800048828125,1919.0799560546875,1906.4100341796875,1909.0899658203125
1908.3599853515625,1925.300048828125,1904.8299560546875,1911.0699462890625
1911.550048828125,1929.3599853515625,1906.8900146484373,1923.5999755859373
1924.68994140625,1924.699951171875,1911.239990234375,1921.969970703125
1922.56005859375,1923.0,1912.0799560546875,1915.8399658203125
1915.510009765625,1919.43994140625,1911.3599853515625,1914.25
1913.760009765625,1923.510009765625,1913.760009765625,1921.6300048828125
1922.2900390625,1927.5999755859373,1921.6600341796875,1926.489990234375
1927.0,1929.4200439453125,1923.239990234375,1923.97998046875
1923.969970703125,1928.2099609375,1921.760009765625,1925.199951171875
1924.800048828125,1925.5999755859373,1914.550048828125,1914.9100341796875
1914.8199462890625,1919.1300048828125,1914.4599609375,1915.8599853515625
1916.06005859375,1919.27001953125,1912.9599609375,1918.5
1918.489990234375,1921.5,1903.530029296875,1904.2900390625
1904.0400390625,1908.81005859375,1892.8299560546875,1895.699951171875
1894.969970703125,1900.5999755859373,1890.1700439453125,1891.6199951171875
1890.6300048828125,1890.6300048828125,1870.050048828125,1875.02001953125
1874.3900146484373,1877.0,1867.4100341796875,1870.22998046875
1870.4599609375,1875.3299560546875,1867.010009765625,1871.8199462890625
1871.93994140625,1873.260009765625,1866.3900146484373,1870.7099609375
1870.7099609375,1878.8199462890625,1870.7099609375,1876.4200439453125
1875.949951171875,1879.219970703125,1875.699951171875,1877.9300537109373
1877.8199462890625,1877.8199462890625,1871.8900146484373,1872.550048828125
1872.6600341796875,1876.31005859375,1870.3599853515625,1874.530029296875
1874.489990234375,1874.530029296875,1868.4599609375,1871.4200439453125
1871.3399658203125,1874.280029296875,1869.2099609375,1873.510009765625
1873.0999755859373,1876.8599853515625,1871.6400146484373,1876.260009765625
1876.1400146484373,1877.4300537109373,1875.4100341796875,1876.8199462890625
1876.8299560546875,1880.010009765625,1876.8299560546875,1879.0799560546875
1879.0899658203125,1880.1800537109373,1874.3499755859373,1874.3499755859373
1874.18994140625,1875.280029296875,1870.02001953125,1872.1400146484373
1871.969970703125,1873.31005859375,1869.56005859375,1872.5
1872.68994140625,1877.489990234375,1868.9000244140625,1876.010009765625
1876.1500244140625,1878.6300048828125,1873.3499755859373,1877.5799560546875
1877.5699462890625,1883.739990234375,1875.6099853515625,1883.739990234375
1883.4300537109373,1886.699951171875,1881.510009765625,1884.6099853515625
1885.2900390625,1893.969970703125,1884.7099609375,1891.3299560546875
1893.1800537109373,1896.2900390625,1885.77001953125,1886.3199462890625
1886.31005859375,1890.699951171875,1882.199951171875,1888.31005859375
1888.0999755859373,1889.77001953125,1868.5999755859373,1871.8499755859373
1871.969970703125,1876.0,1852.4300537109373,1861.199951171875
1860.8599853515625,1865.4200439453125,1858.2900390625,1863.18994140625
1863.6800537109373,1865.52001953125,1861.0699462890625,1863.0999755859373
1862.760009765625,1864.9000244140625,1859.31005859375,1864.3900146484373
1864.0999755859373,1882.550048828125,1861.06005859375,1879.699951171875
1880.469970703125,1883.699951171875,1877.4000244140625,1880.47998046875
1880.3299560546875,1883.5999755859373,1878.6700439453125,1882.9300537109373
1883.3199462890625,1885.6600341796875,1877.800048828125,1880.6300048828125
1880.6400146484373,1882.81005859375,1877.25,1880.719970703125
1880.5999755859373,1881.8699951171875,1878.9100341796875,1880.77001953125
1880.800048828125,1885.02001953125,1879.47998046875,1882.9200439453125
1883.5,1886.260009765625,1881.719970703125,1882.5899658203125
1882.77001953125,1885.6400146484373,1881.0999755859373,1884.969970703125
1885.1800537109373,1891.3599853515625,1883.6099853515625,1887.800048828125
1887.800048828125,1890.8199462890625,1885.0899658203125,1890.199951171875
1889.9200439453125,1889.9200439453125,1883.6099853515625,1885.8599853515625
1886.1800537109373,1890.260009765625,1884.6800537109373,1890.010009765625
1889.8900146484373,1894.3199462890625,1888.9100341796875,1889.1099853515625
1889.1199951171875,1907.4000244140625,1888.1300048828125,1904.1500244140625
1904.6300048828125,1913.530029296875,1904.199951171875,1907.5
1908.4000244140625,1914.0999755859373,1905.77001953125,1913.9100341796875
1914.9100341796875,1920.9599609375,1903.6099853515625,1909.8299560546875
1909.719970703125,1910.5999755859373,1898.2900390625,1899.5400390625
1897.5799560546875,1901.8599853515625,1883.0,1885.6800537109373
1883.989990234375,1894.3599853515625,1882.780029296875,1890.6400146484373
1890.4100341796875,1893.8499755859373,1887.25,1888.81005859375
1888.6500244140625,1889.9200439453125,1883.260009765625,1886.02001953125
1885.9200439453125,1889.1500244140625,1883.3499755859373,1883.449951171875
1882.93994140625,1884.719970703125,1875.760009765625,1877.1700439453125
1877.06005859375,1885.510009765625,1875.8900146484373,1884.5999755859373
1884.5899658203125,1887.239990234375,1871.800048828125,1876.0400390625
1875.1500244140625,1879.31005859375,1873.780029296875,1876.550048828125
1876.47998046875,1878.3299560546875,1872.8499755859373,1877.6800537109373
1877.699951171875,1883.050048828125,1875.4100341796875,1878.47998046875
1878.25,1880.93994140625,1873.31005859375,1876.1600341796875
1875.969970703125,1881.1500244140625,1871.3599853515625,1879.9599609375
1879.8699951171875,1886.77001953125,1879.6500244140625,1885.5699462890625
1885.68994140625,1892.68994140625,1883.4200439453125,1890.449951171875
1890.25,1898.1300048828125,1889.719970703125,1893.9100341796875
1894.050048828125,1896.800048828125,1890.1500244140625,1896.7900390625
1896.8199462890625,1897.0799560546875,1893.469970703125,1893.8699951171875
1893.8699951171875,1895.4000244140625,1887.0,1888.300048828125
1888.2900390625,1888.9100341796875,1879.6800537109373,1887.77001953125
1888.219970703125,1888.219970703125,1879.81005859375,1881.0699462890625
1881.0699462890625,1881.6400146484373,1873.3199462890625,1878.3499755859373
1877.93994140625,1887.989990234375,1876.949951171875,1887.0799560546875
1888.1700439453125,1893.5999755859373,1884.9000244140625,1888.3900146484373
1888.550048828125,1895.5400390625,1886.5799560546875,1891.449951171875
1892.050048828125,1894.3499755859373,1878.6600341796875,1878.6600341796875
1878.75,1883.1300048828125,1862.199951171875,1872.6600341796875
1872.06005859375,1878.8699951171875,1871.719970703125,1874.9300537109373
1875.0400390625,1885.300048828125,1874.5999755859373,1883.5699462890625
1883.8699951171875,1890.7900390625,1883.219970703125,1885.1300048828125
1885.47998046875,1887.760009765625,1883.530029296875,1884.4200439453125
1884.0699462890625,1887.6400146484373,1884.030029296875,1886.97998046875
1887.2900390625,1891.050048828125,1886.760009765625,1887.72998046875
1887.719970703125,1887.719970703125,1882.9000244140625,1884.6099853515625
1884.8299560546875,1887.780029296875,1882.0999755859373,1887.6600341796875
1887.739990234375,1888.52001953125,1883.199951171875,1887.81005859375
1887.8299560546875,1889.489990234375,1884.280029296875,1884.8299560546875
1884.780029296875,1887.4200439453125,1880.949951171875,1881.260009765625
1881.0,1886.1400146484373,1880.3699951171875,1882.97998046875
1882.97998046875,1883.780029296875,1878.6700439453125,1882.0899658203125
1882.1300048828125,1882.1300048828125,1870.93994140625,1870.93994140625
1870.6500244140625,1876.3299560546875,1870.4300537109373,1871.1800537109373
1871.25,1876.4100341796875,1867.4000244140625,1876.4100341796875
1876.8499755859373,1876.8499755859373,1869.260009765625,1871.06005859375
1870.3399658203125,1876.0799560546875,1870.3399658203125,1873.93994140625
1874.1400146484373,1878.8699951171875,1872.8599853515625,1876.4100341796875
1876.5,1877.469970703125,1870.8900146484373,1871.22998046875
1871.6500244140625,1871.800048828125,1864.52001953125,1867.3199462890625
1867.550048828125,1871.3900146484373,1862.18994140625,1864.9300537109373
1864.9100341796875,1882.6400146484373,1864.18994140625,1879.239990234375
1879.2099609375,1886.1300048828125,1877.31005859375,1883.3699951171875
1883.6400146484373,1885.8299560546875,1874.6300048828125,1876.6300048828125
1876.6800537109373,1877.219970703125,1871.699951171875,1873.6300048828125
1873.530029296875,1880.2900390625,1871.6800537109373,1879.0400390625
1879.2900390625,1879.9000244140625,1876.8699951171875,1878.56005859375
1878.5699462890625,1879.43994140625,1875.5,1877.530029296875
1877.3399658203125,1879.1800537109373,1874.5,1877.8800048828125
1877.8599853515625,1880.8599853515625,1877.199951171875,1880.4100341796875
1880.5,1881.719970703125,1879.8399658203125,1880.68994140625
1880.6800537109373,1882.97998046875,1879.199951171875,1882.260009765625
1882.2900390625,1884.0699462890625,1882.239990234375,1883.1199951171875
1883.18994140625,1884.8800048828125,1880.8599853515625,1880.8900146484373
1881.260009765625,1883.7900390625,1881.0799560546875,1882.5799560546875
1882.4300537109373,1883.25,1877.739990234375,1878.9599609375
1879.06005859375,1881.6500244140625,1878.0899658203125,1880.3599853515625
1880.3299560546875,1880.75,1878.219970703125,1878.56005859375
1878.510009765625,1879.7099609375,1874.6300048828125,1875.0899658203125
1875.3299560546875,1879.239990234375,1874.0899658203125,1878.4200439453125
1878.5999755859373,1879.4599609375,1876.3900146484373,1879.280029296875
1879.1199951171875,1879.3800048828125,1877.1700439453125,1877.2900390625
1877.1400146484373,1881.719970703125,1876.199951171875,1881.719970703125
1881.550048828125,1882.8299560546875,1880.2900390625,1881.5
1881.5,1882.6099853515625,1879.4599609375,1881.469970703125
1881.3699951171875,1883.9000244140625,1880.949951171875,1882.8900146484373
1883.0,1883.81005859375,1881.72998046875,1883.0899658203125
1882.8499755859373,1884.3699951171875,1880.9599609375,1882.4000244140625
1882.3499755859373,1883.77001953125,1880.56005859375,1880.8699951171875
1880.800048828125,1882.8599853515625,1880.6400146484373,1882.3599853515625
1882.3800048828125,1882.52001953125,1880.719970703125,1881.3399658203125
1881.3299560546875,1883.6400146484373,1881.199951171875,1883.1300048828125
1883.1300048828125,1883.77001953125,1882.27001953125,1882.5799560546875
1882.6800537109373,1882.760009765625,1880.0,1880.93994140625
1880.8800048828125,1881.510009765625,1879.81005859375,1880.6500244140625
1880.22998046875,1880.3800048828125,1875.239990234375,1878.6199951171875
1878.300048828125,1883.25,1877.0999755859373,1881.7900390625
1881.8900146484373,1882.3499755859373,1880.8900146484373,1881.010009765625
1881.02001953125,1882.6800537109373,1879.02001953125,1879.949951171875
1879.8699951171875,1880.1800537109373,1877.5999755859373,1878.1199951171875
1878.18994140625,1879.81005859375,1877.010009765625,1878.6600341796875
1878.6500244140625,1879.8599853515625,1877.93994140625,1879.300048828125
1879.300048828125,1879.5400390625,1878.4000244140625,1878.8299560546875
1878.9200439453125,1880.27001953125,1877.1400146484373,1878.1400146484373
1878.1400146484373,1879.1300048828125,1877.6300048828125,1878.760009765625
1878.760009765625,1879.1300048828125,1877.9100341796875,1878.9100341796875
1878.9100341796875,1878.9100341796875,1877.3499755859373,1877.75
1877.760009765625,1879.9100341796875,1877.75,1879.9100341796875
1879.9200439453125,1882.510009765625,1879.9200439453125,1881.3900146484373
1881.5699462890625,1882.97998046875,1880.699951171875,1882.010009765625
1882.02001953125,1889.93994140625,1882.02001953125,1887.449951171875
1887.75,1888.56005859375,1882.0799560546875,1883.1199951171875
1883.1700439453125,1884.449951171875,1880.780029296875,1883.68994140625
1883.699951171875,1886.8900146484373,1882.7099609375,1884.280029296875
1884.3199462890625,1885.5899658203125,1879.7099609375,1880.0799560546875
1879.56005859375,1881.0899658203125,1868.219970703125,1873.719970703125
1873.43994140625,1876.1400146484373,1867.3199462890625,1874.0799560546875
1873.25,1875.6099853515625,1871.4000244140625,1874.1300048828125
1874.0999755859373,1877.93994140625,1870.6099853515625,1876.77001953125
1876.7099609375,1895.25,1876.7099609375,1889.52001953125
1890.9000244140625,1904.77001953125,1886.68994140625,1900.4000244140625
1901.9300537109373,1902.06005859375,1896.0,1899.06005859375
1899.3599853515625,1902.9599609375,1899.3599853515625,1901.780029296875
1901.6199951171875,1902.260009765625,1896.4100341796875,1897.7900390625
1897.7900390625,1910.18994140625,1896.1400146484373,1905.1400146484373
1905.8299560546875,1905.8299560546875,1899.0999755859373,1899.1400146484373
1899.25,1899.9599609375,1889.68994140625,1892.3699951171875
1892.3900146484373,1895.4599609375,1891.1700439453125,1891.969970703125
1891.9200439453125,1907.27001953125,1890.0699462890625,1905.239990234375
1904.6500244140625,1906.5899658203125,1902.0799560546875,1902.699951171875
1902.719970703125,1904.760009765625,1895.06005859375,1897.1199951171875
1896.949951171875,1907.3900146484373,1893.8800048828125,1902.8699951171875
1903.0999755859373,1908.5999755859373,1896.1199951171875,1907.7099609375
1907.199951171875,1913.68994140625,1902.9000244140625,1911.4599609375
1912.300048828125,1912.300048828125,1903.719970703125,1905.4100341796875
1905.4000244140625,1912.6800537109373,1903.0400390625,1907.219970703125
1907.43994140625,1911.239990234375,1905.5999755859373,1908.4100341796875
1907.949951171875,1909.260009765625,1904.989990234375,1905.6700439453125
1905.6500244140625,1909.02001953125,1903.3800048828125,1904.8800048828125
1905.1800537109373,1907.239990234375,1904.3299560546875,1904.75
1905.2900390625,1906.469970703125,1901.9000244140625,1902.760009765625
1902.9599609375,1916.7900390625,1902.280029296875,1911.93994140625
1912.510009765625,1912.800048828125,1907.1500244140625,1908.0799560546875
1908.22998046875,1908.6500244140625,1898.1700439453125,1899.8299560546875
1899.43994140625,1901.97998046875,1888.18994140625,1891.3900146484373
1891.43994140625,1893.8299560546875,1884.280029296875,1892.8900146484373
1892.6600341796875,1895.81005859375,1889.6800537109373,1894.77001953125
1894.5899658203125,1896.75,1891.0400390625,1893.9000244140625
1893.47998046875,1905.18994140625,1891.6800537109373,1901.0899658203125
1901.260009765625,1901.6099853515625,1895.6099853515625,1897.050048828125
1896.9200439453125,1900.02001953125,1892.1099853515625,1898.3800048828125
1898.0,1898.0899658203125,1893.56005859375,1894.800048828125
1894.7900390625,1897.030029296875,1893.2900390625,1896.0899658203125
1895.5999755859373,1903.8199462890625,1895.5999755859373,1901.2099609375
1901.2099609375,1902.0,1897.31005859375,1897.6500244140625
1896.81005859375,1898.280029296875,1892.0699462890625,1896.0
1896.4599609375,1921.9100341796875,1895.47998046875,1909.75
1911.1099853515625,1918.22998046875,1907.0999755859373,1916.469970703125
1916.97998046875,1921.0899658203125,1911.5999755859373,1917.3800048828125
1917.5,1917.5,1910.1300048828125,1910.219970703125
1909.97998046875,1916.4599609375,1909.760009765625,1915.27001953125
1915.0,1916.3399658203125,1911.8299560546875,1912.18994140625
1912.550048828125,1914.5,1910.6400146484373,1911.469970703125
1911.52001953125,1913.760009765625,1909.8199462890625,1910.949951171875
1910.8399658203125,1914.050048828125,1910.4599609375,1912.239990234375
1911.7099609375,1919.0,1911.7099609375,1916.739990234375
1917.22998046875,1917.760009765625,1910.8199462890625,1912.3499755859373
1912.0,1916.800048828125,1911.02001953125,1912.2900390625
1912.010009765625,1912.550048828125,1905.969970703125,1906.280029296875
1906.300048828125,1913.9599609375,1904.800048828125,1910.4100341796875
1910.4100341796875,1913.0799560546875,1908.5999755859373,1909.1099853515625
1909.0799560546875,1912.489990234375,1908.3499755859373,1908.800048828125
1909.68994140625,1916.1300048828125,1904.8199462890625,1916.06005859375
1916.8599853515625,1919.77001953125,1913.9000244140625,1914.4599609375
1914.300048828125,1928.3900146484373,1913.6300048828125,1920.0
1920.27001953125,1922.47998046875,1916.4300537109373,1917.6300048828125
1917.6199951171875,1918.72998046875,1915.739990234375,1918.52001953125
1918.1600341796875,1924.3900146484373,1918.1600341796875,1921.550048828125
1921.5400390625,1941.550048828125,1920.800048828125,1935.989990234375
1935.9000244140625,1939.9599609375,1927.0699462890625,1931.3199462890625
1932.030029296875,1976.8499755859373,1931.47998046875,1968.72998046875
1970.949951171875,2108.72998046875,1966.5,2085.35009765625
2084.530029296875,2106.050048828125,2081.199951171875,2088.840087890625
2088.949951171875,2092.179931640625,2068.2900390625,2090.639892578125
2091.47998046875,2091.9599609375,2078.89990234375,2091.72998046875
2091.27001953125,2105.320068359375,2088.8798828125,2101.719970703125
2102.780029296875,2238.93994140625,2101.60009765625,2218.300048828125
2221.89990234375,2330.919921875,2216.070068359375,2284.949951171875
2287.469970703125,2288.97998046875,2242.56005859375,2248.800048828125
2249.989990234375,2260.199951171875,2242.330078125,2251.68994140625
2251.2099609375,2272.6201171875,2251.169921875,2261.22998046875
2259.75,2269.530029296875,2248.81005859375,2265.429931640625
2265.6201171875,2269.35009765625,2248.719970703125,2250.64990234375
2250.639892578125,2254.6201171875,2220.219970703125,2249.419921875
2249.419921875,2256.27001953125,2247.25,2248.550048828125
2248.840087890625,2255.159912109375,2241.93994140625,2246.75
2246.159912109375,2265.550048828125,2237.510009765625,2261.10009765625
2261.050048828125,2262.1201171875,2243.179931640625,2249.9599609375
2250.47998046875,2284.3701171875,2247.639892578125,2280.0
2280.409912109375,2296.139892578125,2273.800048828125,2276.949951171875
2277.409912109375,2292.949951171875,2274.8798828125,2285.139892578125
2284.590087890625,2317.340087890625,2280.75,2294.830078125
2295.260009765625,2298.820068359375,2267.2099609375,2288.60009765625
2288.780029296875,2296.39990234375,2256.0,2274.5
2275.010009765625,2287.530029296875,2269.699951171875,2279.89990234375
2280.14990234375,2334.989990234375,2279.97998046875,2325.93994140625
2325.68994140625,2357.52001953125,2313.5400390625,2343.199951171875
2342.300048828125,2349.8798828125,2331.639892578125,2343.5
2343.89990234375,2347.1201171875,2310.22998046875,2315.85009765625
2316.52001953125,2332.22998046875,2312.3701171875,2323.469970703125
2323.77001953125,2331.1298828125,2313.300048828125,2317.909912109375
2317.719970703125,2324.9599609375,2312.989990234375,2318.510009765625
2318.60009765625,2318.820068359375,2307.719970703125,2313.669921875
2313.6201171875,2338.93994140625,2312.4599609375,2326.60009765625
2326.60009765625,2349.300048828125,2324.419921875,2340.22998046875
2338.919921875,2378.5400390625,2337.169921875,2358.330078125
2358.97998046875,2363.5,2342.4599609375,2344.52001953125
2345.739990234375,2353.5400390625,2336.85009765625,2340.030029296875
2340.72998046875,2355.22998046875,2340.72998046875,2353.280029296875
2352.800048828125,2367.60009765625,2348.889892578125,2367.60009765625
2366.800048828125,2378.10009765625,2354.340087890625,2371.280029296875
2369.929931640625,2396.800048828125,2367.719970703125,2369.97998046875
2370.7099609375,2447.580078125,2369.39990234375,2443.090087890625
2444.580078125,2445.02001953125,2376.659912109375,2403.60009765625
2403.39990234375,2411.199951171875,2390.4599609375,2395.02001953125
2395.3701171875,2397.7900390625,2357.530029296875,2369.85009765625
2370.669921875,2396.280029296875,2365.3798828125,2387.56005859375
2388.39990234375,2405.60009765625,2368.97998046875,2388.1298828125
2386.449951171875,2396.469970703125,2369.0,2392.969970703125
2393.590087890625,2407.159912109375,2390.39990234375,2392.889892578125
2393.5,2412.06005859375,2383.419921875,2406.02001953125
2405.699951171875,2427.219970703125,2402.389892578125,2423.1201171875
2423.389892578125,2431.139892578125,2395.320068359375,2419.89990234375
2419.7900390625,2419.89990234375,2406.8798828125,2413.2099609375
2414.6298828125,2447.340087890625,2408.280029296875,2440.510009765625
2440.330078125,2520.2099609375,2434.02001953125,2513.139892578125
2514.5400390625,2545.989990234375,2506.419921875,2521.06005859375
2521.820068359375,2545.610107421875,2509.840087890625,2515.9599609375
2516.2900390625,2522.85009765625,2490.800048828125,2521.81005859375
2521.60009765625,2528.5400390625,2508.699951171875,2509.0400390625
2508.43994140625,2521.9599609375,2497.60009765625,2515.5
2515.25,2526.4599609375,2512.47998046875,2514.659912109375
2515.030029296875,2529.219970703125,2505.820068359375,2514.81005859375
2513.81005859375,2518.199951171875,2390.31005859375,2440.239990234375
2439.830078125,2443.389892578125,2414.449951171875,2437.56005859375
2437.320068359375,2447.60009765625,2426.419921875,2432.550048828125
2433.820068359375,2440.43994140625,2412.68994140625,2425.510009765625
2425.52001953125,2428.909912109375,2414.14990234375,2421.7099609375
2422.0,2422.43994140625,2389.9599609375,2412.85009765625
2412.56005859375,2414.820068359375,2405.239990234375,2409.77001953125
1664.9100341796875,1672.1600341796875,1664.9100341796875,1669.1099853515625
1668.9000244140625,1677.4000244140625,1663.8499755859375,1670.5
1670.8299560546875,1671.530029296875,1661.31005859375,1661.75
1662.5999755859375,1667.52001953125,1656.0,1664.5999755859375
1664.719970703125,1668.739990234375,1656.0899658203125,1666.6600341796875
1667.6700439453125,1676.8699951171875,1665.6700439453125,1672.1500244140625
1672.3199462890625,1674.550048828125,1668.3800048828125,1672.4100341796875
1672.68994140625,1676.0899658203125,1668.6099853515625,1670.6500244140625
1671.02001953125,1673.1600341796875,1666.9200439453125,1671.0400390625
1671.0,1671.199951171875,1663.0999755859375,1664.6600341796875
1664.9000244140625,1665.6800537109375,1660.9100341796875,1661.510009765625
1661.469970703125,1687.02001953125,1653.5699462890625,1676.8800048828125
1677.199951171875,1678.75,1668.4100341796875,1669.3699951171875
1670.010009765625,1670.010009765625,1639.22998046875,1642.6500244140625
1641.9599609375,1653.9300537109375,1636.0,1644.77001953125
1644.5999755859375,1648.6400146484375,1614.699951171875,1616.4100341796875
1614.9599609375,1633.18994140625,1583.0699462890625,1587.719970703125
1587.4100341796875,1595.0999755859375,1551.5899658203125,1558.4100341796875
1559.4100341796875,1581.75,1555.3699951171875,1569.550048828125
1570.6700439453125,1582.4599609375,1564.8599853515625,1581.6300048828125
1581.949951171875,1619.43994140625,1577.300048828125,1611.1099853515625
1611.6400146484375,1619.0899658203125,1603.5999755859375,1618.81005859375
1618.75,1625.3800048828125,1610.9599609375,1612.75
1612.2900390625,1620.5,1610.989990234375,1619.719970703125
1620.1500244140625,1623.5999755859375,1613.989990234375,1616.4000244140625
1616.47998046875,1621.4300537109375,1612.3199462890625,1618.6199951171875
1618.18994140625,1618.800048828125,1612.3499755859375,1618.43994140625
1618.6700439453125,1621.300048828125,1613.6300048828125,1616.8900146484375
1617.1300048828125,1633.489990234375,1614.489990234375,1632.1700439453125
1631.8499755859375,1648.9200439453125,1630.8299560546875,1643.2099609375
1643.550048828125,1656.3399658203125,1641.9200439453125,1651.3399658203125
1651.449951171875,1657.0899658203125,1648.510009765625,1654.56005859375
1654.8299560546875,1656.1800537109375,1648.5799560546875,1649.52001953125
1650.5999755859375,1652.989990234375,1644.1800537109375,1646.1800537109375
1646.199951171875,1647.300048828125,1631.6700439453125,1634.219970703125
1634.5999755859375,1636.510009765625,1625.6800537109375,1630.6700439453125
1630.72998046875,1645.800048828125,1622.52001953125,1632.8900146484375
1633.22998046875,1637.4000244140625,1530.6800537109375,1532.0
1536.8499755859375,1588.550048828125,1536.8499755859375,1565.8199462890625
1565.8199462890625,1570.1800537109375,1542.9000244140625,1567.0
1568.06005859375,1584.68994140625,1555.6500244140625,1559.4300537109375
1560.050048828125,1572.300048828125,1554.9000244140625,1571.9300537109375
1572.6500244140625,1574.9300537109375,1558.4100341796875,1564.4599609375
1565.02001953125,1565.02001953125,1552.6400146484375,1556.0799560546875
1558.050048828125,1567.8800048828125,1554.1500244140625,1557.72998046875
1557.6099853515625,1580.31005859375,1557.4599609375,1578.280029296875
1577.969970703125,1580.719970703125,1564.0999755859375,1567.68994140625
1567.5,1577.1400146484375,1562.1800537109375,1564.8599853515625
1565.4599609375,1569.18994140625,1561.300048828125,1562.1800537109375
1562.1800537109375,1565.97998046875,1553.18994140625,1557.72998046875
1558.4000244140625,1558.4000244140625,1517.3399658203125,1522.06005859375
1522.449951171875,1560.75,1510.0,1555.449951171875
1555.300048828125,1558.5,1545.3499755859375,1547.3900146484375
1548.0,1556.6600341796875,1546.300048828125,1553.27001953125
1552.77001953125,1571.22998046875,1541.7900390625,1568.6600341796875
1568.8800048828125,1583.6199951171875,1568.22998046875,1578.780029296875
1578.8800048828125,1579.949951171875,1561.4000244140625,1564.0999755859375
1564.56005859375,1564.6300048828125,1547.199951171875,1550.77001953125
1550.8800048828125,1553.22998046875,1542.510009765625,1545.93994140625
1545.8900146484375,1552.7099609375,1539.0899658203125,1543.0799560546875
1543.2099609375,1557.97998046875,1525.760009765625,1533.6700439453125
1534.4599609375,1567.4000244140625,1520.4599609375,1566.0899658203125
1566.5400390625,1572.72998046875,1551.31005859375,1557.719970703125
1557.6500244140625,1585.550048828125,1556.9100341796875,1578.0
1578.6099853515625,1589.6099853515625,1570.530029296875,1575.18994140625
1574.3499755859375,1586.280029296875,1574.050048828125,1579.6300048828125
1579.8599853515625,1583.2099609375,1568.3399658203125,1570.3900146484375
1570.56005859375,1581.4000244140625,1567.699951171875,1574.4000244140625
1573.4300537109375,1580.6700439453125,1565.6199951171875,1568.300048828125
1568.239990234375,1576.530029296875,1566.0999755859375,1573.1099853515625
1572.550048828125,1576.8900146484375,1567.260009765625,1575.449951171875
1575.489990234375,1578.43994140625,1572.239990234375,1576.27001953125
1576.4599609375,1579.6800537109375,1569.2099609375,1574.469970703125
1574.5699462890625,1575.3599853515625,1571.8599853515625,1573.6500244140625
1573.699951171875,1584.25,1572.1800537109375,1580.93994140625
1580.1400146484375,1582.510009765625,1576.2099609375,1578.25
1578.3299560546875,1582.8599853515625,1576.5699462890625,1577.1099853515625
1577.1500244140625,1578.77001953125,1574.56005859375,1576.31005859375
1576.239990234375,1581.9300537109375,1572.8199462890625,1580.2099609375
1580.6800537109375,1583.989990234375,1578.0,1583.1400146484375
1583.3399658203125,1583.3399658203125,1579.530029296875,1581.5899658203125
1581.6199951171875,1582.02001953125,1577.1400146484375,1580.3499755859375
1580.219970703125,1582.5799560546875,1579.780029296875,1581.800048828125
1581.7900390625,1582.68994140625,1576.699951171875,1581.4200439453125
1581.2099609375,1583.760009765625,1578.969970703125,1583.260009765625
1583.3800048828125,1590.3900146484375,1582.3499755859375,1589.6800537109375
1589.93994140625,1595.800048828125,1586.9000244140625,1591.8900146484375
1592.0999755859375,1608.030029296875,1591.260009765625,1603.0999755859375
1603.0899658203125,1604.68994140625,1599.1800537109375,1604.4200439453125
1604.300048828125,1604.4000244140625,1587.3900146484375,1588.800048828125
1588.780029296875,1592.1099853515625,1586.6600341796875,1591.1500244140625
1590.8199462890625,1592.6700439453125,1570.969970703125,1575.780029296875
1575.8599853515625,1580.3199462890625,1575.72998046875,1578.780029296875
1579.1099853515625,1582.4599609375,1571.9200439453125,1572.699951171875
1572.699951171875,1577.280029296875,1562.0899658203125,1576.6300048828125
1576.6400146484375,1579.050048828125,1568.43994140625,1571.5999755859375
1571.5899658203125,1575.8199462890625,1570.4200439453125,1572.300048828125
1572.3499755859375,1574.5999755859375,1567.8199462890625,1572.97998046875
1572.969970703125,1577.52001953125,1567.31005859375,1569.7099609375
1570.3199462890625,1574.0999755859375,1570.3199462890625,1572.7900390625
1572.7099609375,1575.0,1568.52001953125,1571.8399658203125
1571.97998046875,1572.1400146484375,1562.219970703125,1566.8699951171875
1566.8399658203125,1568.22998046875,1560.510009765625,1565.56005859375
1565.4000244140625,1574.5,1565.4000244140625,1573.739990234375
1573.5699462890625,1582.989990234375,1571.3399658203125,1579.1400146484375
1579.6099853515625,1583.3800048828125,1576.2099609375,1576.81005859375
1576.72998046875,1579.1199951171875,1570.5999755859375,1574.949951171875
1575.1199951171875,1581.6400146484375,1573.6600341796875,1580.550048828125
1580.5400390625,1585.0799560546875,1575.969970703125,1581.260009765625
1581.030029296875,1581.3800048828125,1572.760009765625,1577.300048828125
1577.530029296875,1583.5699462890625,1575.8900146484375,1579.030029296875
1579.199951171875,1582.9200439453125,1575.0999755859375,1578.550048828125
1578.68994140625,1579.5699462890625,1564.489990234375,1570.5
1570.22998046875,1574.8199462890625,1561.449951171875,1569.8900146484375
1569.52001953125,1572.719970703125,1566.8199462890625,1569.3599853515625
1569.219970703125,1571.949951171875,1554.75,1562.4200439453125
1561.8699951171875,1573.9599609375,1561.8699951171875,1570.72998046875
1570.8499755859375,1571.050048828125,1557.06005859375,1561.4599609375
1561.93994140625,1579.2099609375,1546.030029296875,1554.8499755859375
1554.0400390625,1577.5999755859375,1552.9599609375,1569.4000244140625
1569.510009765625,1572.0799560546875,1550.0699462890625,1571.1400146484375
1570.8599853515625,1571.1800537109375,1557.5899658203125,1566.0799560546875
1565.8499755859375,1576.260009765625,1548.280029296875,1573.760009765625
1574.1700439453125,1585.6400146484375,1574.1700439453125,1582.030029296875
1582.1099853515625,1582.4300537109375,1572.199951171875,1572.9200439453125
1573.47998046875,1580.56005859375,1559.8800048828125,1580.489990234375
1580.9200439453125,1585.9000244140625,1577.1700439453125,1580.4599609375
1580.4599609375,1581.5,1575.3299560546875,1577.8499755859375
1577.75,1579.699951171875,1567.739990234375,1570.5799560546875
1570.5799560546875,1577.6600341796875,1568.4000244140625,1573.9000244140625
1574.0,1584.22998046875,1574.0,1576.219970703125
1576.5999755859375,1578.27001953125,1567.4200439453125,1572.7099609375
1573.0999755859375,1594.25,1564.4300537109375,1573.6800537109375
1574.47998046875,1585.9200439453125,1563.0400390625,1569.260009765625
1569.760009765625,1576.25,1555.1400146484375,1569.760009765625
1569.68994140625,1581.1600341796875,1558.719970703125,1577.550048828125
1577.719970703125,1584.18994140625,1571.1600341796875,1582.6600341796875
1582.5799560546875,1633.5899658203125,1582.5799560546875,1625.5799560546875
1625.3800048828125,1626.5699462890625,1615.949951171875,1618.469970703125
1618.56005859375,1624.81005859375,1614.06005859375,1622.9100341796875
1623.5400390625,1623.9200439453125,1615.010009765625,1615.0899658203125
1615.260009765625,1620.31005859375,1610.550048828125,1617.6500244140625
1617.6500244140625,1619.5,1610.3900146484375,1610.550048828125
1610.3900146484375,1611.6500244140625,1605.530029296875,1610.72998046875
1610.18994140625,1611.8499755859375,1590.2099609375,1592.02001953125
1592.199951171875,1597.5,1586.7099609375,1591.5
1591.5899658203125,1591.6099853515625,1584.0999755859375,1587.8499755859375
1588.280029296875,1593.4200439453125,1583.9000244140625,1584.3199462890625
1584.0799560546875,1588.3199462890625,1576.8900146484375,1585.0999755859375
1585.219970703125,1589.550048828125,1582.469970703125,1589.1400146484375
1589.5,1592.1600341796875,1586.56005859375,1591.449951171875
1590.949951171875,1593.1800537109375,1587.8399658203125,1589.75
1589.75,1591.8499755859375,1576.8599853515625,1581.050048828125
1580.8299560546875,1584.5,1578.93994140625,1582.949951171875
1583.1099853515625,1584.3199462890625,1579.6800537109375,1581.9300537109375
1581.8900146484375,1583.5400390625,1573.469970703125,1575.739990234375
1575.719970703125,1575.719970703125,1550.1300048828125,1550.1300048828125
1550.5400390625,1564.699951171875,1548.1800537109375,1564.5
1564.0799560546875,1575.030029296875,1558.300048828125,1560.47998046875
1560.719970703125,1572.9599609375,1554.47998046875,1562.1700439453125
1562.0799560546875,1572.2900390625,1559.260009765625,1569.6099853515625
1570.0,1574.6800537109375,1566.1500244140625,1568.5799560546875
1568.47998046875,1578.5699462890625,1567.219970703125,1576.8599853515625
1576.1099853515625,1578.8399658203125,1572.81005859375,1578.0999755859375
1576.989990234375,1580.27001953125,1571.4100341796875,1573.4100341796875
1573.4100341796875,1574.43994140625,1567.3599853515625,1568.68994140625
1569.1800537109375,1572.22998046875,1564.18994140625,1564.8800048828125
1565.43994140625,1570.1500244140625,1563.4100341796875,1569.489990234375
1569.6099853515625,1573.8499755859375,1563.760009765625,1572.6199951171875
1572.5999755859375,1583.199951171875,1550.8900146484375,1575.43994140625
1576.0,1586.9100341796875,1571.949951171875,1583.780029296875
1583.780029296875,1595.6199951171875,1579.9200439453125,1592.2900390625
1591.9300537109375,1600.68994140625,1588.3499755859375,1596.81005859375
1596.8599853515625,1598.3900146484375,1588.7099609375,1590.260009765625
1590.47998046875,1590.6600341796875,1569.18994140625,1573.6600341796875
1574.5999755859375,1578.9300537109375,1570.1500244140625,1576.1800537109375
1575.5,1580.02001953125,1566.3499755859375,1580.02001953125
1580.1600341796875,1582.8699951171875,1576.5999755859375,1578.93994140625
1578.8199462890625,1579.260009765625,1569.8499755859375,1571.06005859375
1571.489990234375,1573.510009765625,1565.239990234375,1567.72998046875
1568.719970703125,1569.8299560546875,1563.8499755859375,1567.949951171875
1568.4200439453125,1595.9300537109375,1568.030029296875,1595.9300537109375
1595.5999755859375,1614.5899658203125,1589.550048828125,1599.3199462890625
1599.199951171875,1629.050048828125,1599.199951171875,1618.760009765625
1618.6199951171875,1625.0699462890625,1611.0999755859375,1613.0799560546875
1613.010009765625,1623.260009765625,1605.5400390625,1621.280029296875
1621.3499755859375,1622.760009765625,1610.239990234375,1614.989990234375
1614.9599609375,1622.469970703125,1613.0999755859375,1616.0
1616.0999755859375,1618.4000244140625,1608.5999755859375,1616.219970703125
1616.2099609375,1634.56005859375,1615.9200439453125,1630.3299560546875
1629.699951171875,1642.9599609375,1618.7900390625,1620.47998046875
1619.5999755859375,1619.5999755859375,1606.5699462890625,1607.6400146484375
1607.52001953125,1607.5999755859375,1595.280029296875,1601.8699951171875
1602.0,1623.0,1600.93994140625,1618.5
1618.2900390625,1622.5400390625,1612.9000244140625,1618.8699951171875
1619.1600341796875,1640.0,1616.800048828125,1637.550048828125
1637.5999755859375,1637.9200439453125,1629.0400390625,1630.9000244140625
1630.8800048828125,1632.8299560546875,1623.2900390625,1624.8399658203125
1624.6500244140625,1627.5999755859375,1615.3399658203125,1617.06005859375
1616.9100341796875,1617.75,1612.3199462890625,1613.8299560546875
1613.9200439453125,1623.8900146484375,1612.9599609375,1622.9599609375
1622.3900146484375,1648.530029296875,1618.3699951171875,1641.050048828125
1640.1800537109375,1647.3599853515625,1639.1800537109375,1644.1600341796875
1644.1500244140625,1652.4200439453125,1642.5899658203125,1648.6400146484375
1647.8299560546875,1665.6500244140625,1645.8299560546875,1661.0400390625
1662.0899658203125,1711.760009765625,1659.1300048828125,1708.7900390625
1709.3699951171875,1721.2099609375,1691.43994140625,1699.8299560546875
1699.1199951171875,1701.5999755859375,1687.030029296875,1695.0999755859375
1695.199951171875,1702.0400390625,1685.1300048828125,1698.0899658203125
1697.760009765625,1703.739990234375,1692.97998046875,1694.260009765625
1694.4100341796875,1705.8299560546875,1693.8299560546875,1700.47998046875
1700.739990234375,1704.0899658203125,1693.3199462890625,1698.8800048828125
1699.1099853515625,1705.010009765625,1694.3599853515625,1703.8699951171875
1704.1099853515625,1704.2099609375,1695.47998046875,1698.489990234375
1698.300048828125,1698.949951171875,1693.0899658203125,1694.8199462890625
1694.300048828125,1699.4100341796875,1690.22998046875,1698.43994140625
1698.3699951171875,1700.81005859375,1692.8499755859375,1694.6400146484375
1694.3199462890625,1715.8399658203125,1693.31005859375,1710.3900146484375
1710.47998046875,1713.0799560546875,1694.199951171875,1702.8800048828125
1702.199951171875,1710.0400390625,1697.4300537109375,1704.3199462890625
1704.6300048828125,1706.47998046875,1700.449951171875,1701.2900390625
1700.699951171875,1718.1600341796875,1700.4599609375,1712.7099609375
1712.699951171875,1719.2900390625,1710.949951171875,1713.9300537109375
1713.699951171875,1720.0699462890625,1711.93994140625,1715.97998046875
1715.8900146484375,1731.7900390625,1713.8599853515625,1717.8699951171875
1717.4100341796875,1728.3599853515625,1715.050048828125,1724.239990234375
1724.300048828125,1747.0,1724.300048828125,1739.969970703125
1740.199951171875,1745.9599609375,1735.800048828125,1740.510009765625
1740.739990234375,1742.97998046875,1729.699951171875,1734.489990234375
1735.010009765625,1750.0,1734.0899658203125,1746.1600341796875
1746.02001953125,1746.02001953125,1727.199951171875,1735.4000244140625
1735.699951171875,1743.4100341796875,1728.0,1729.43994140625
1729.4100341796875,1733.800048828125,1726.1800537109375,1731.969970703125
1731.81005859375,1739.8599853515625,1731.030029296875,1736.760009765625
1737.1099853515625,1738.9200439453125,1734.800048828125,1737.1800537109375
1736.9300537109375,1751.5999755859375,1735.510009765625,1743.5
1743.699951171875,1770.0699462890625,1741.9100341796875,1764.3900146484375
1764.6500244140625,1772.800048828125,1755.5,1761.780029296875
1761.8499755859375,1762.2900390625,1754.239990234375,1755.81005859375
1755.6700439453125,1760.31005859375,1753.760009765625,1757.1099853515625
1756.050048828125,1762.1099853515625,1754.699951171875,1756.9000244140625
1756.7099609375,1756.7099609375,1744.27001953125,1746.0999755859375
1746.449951171875,1749.300048828125,1742.6300048828125,1747.6800537109375
1747.5999755859375,1754.5999755859375,1745.550048828125,1752.1099853515625
1752.0999755859375,1762.5,1750.300048828125,1759.8900146484375
1759.97998046875,1759.97998046875,1751.5,1754.4599609375
1754.449951171875,1759.6300048828125,1749.8399658203125,1753.2099609375
1753.1199951171875,1757.949951171875,1751.239990234375,1756.8399658203125
1757.0,1763.800048828125,1756.030029296875,1760.800048828125
1761.0,1761.3499755859375,1753.4000244140625,1756.52001953125
1756.2900390625,1759.1500244140625,1755.7099609375,1757.699951171875
1756.9100341796875,1758.5999755859375,1754.5,1756.6300048828125
1756.6300048828125,1764.72998046875,1756.6300048828125,1762.81005859375
1762.9100341796875,1776.6500244140625,1760.43994140625,1762.719970703125
1762.5400390625,1773.300048828125,1762.52001953125,1770.9300537109375
1771.4000244140625,1795.93994140625,1771.1400146484375,1789.719970703125
1789.9599609375,1790.3199462890625,1781.8399658203125,1785.5999755859375
1785.3299560546875,1804.77001953125,1777.5400390625,1797.800048828125
1798.52001953125,1804.2099609375,1790.5999755859375,1792.25
1792.22998046875,1796.1099853515625,1787.1400146484375,1791.300048828125
1791.199951171875,1794.449951171875,1782.43994140625,1785.72998046875
1785.72998046875,1792.81005859375,1785.010009765625,1787.9100341796875
1787.3199462890625,1788.0,1780.81005859375,1783.1400146484375
1783.3800048828125,1784.06005859375,1771.510009765625,1779.0699462890625
1779.199951171875,1779.2900390625,1768.6199951171875,1771.0899658203125
1771.050048828125,1773.0,1760.02001953125,1765.06005859375
1765.1199951171875,1766.0899658203125,1755.6600341796875,1759.0899658203125
1759.050048828125,1762.1600341796875,1756.510009765625,1759.969970703125
1759.9000244140625,1770.6700439453125,1758.6099853515625,1766.0799560546875
1765.4000244140625,1766.199951171875,1759.0699462890625,1764.1800537109375
1764.4300537109375,1766.2099609375,1760.5999755859375,1763.0899658203125
1763.050048828125,1770.510009765625,1760.1500244140625,1768.3599853515625
1768.239990234375,1771.0,1765.1500244140625,1766.0
1766.02001953125,1766.0799560546875,1749.0,1756.280029296875
1756.31005859375,1760.31005859375,1753.6400146484375,1759.97998046875
1760.1099853515625,1763.0999755859375,1757.31005859375,1758.5999755859375
1758.25,1768.0,1754.5999755859375,1763.4300537109375
1763.4599609375,1766.0400390625,1760.050048828125,1764.75
1764.8199462890625,1771.0799560546875,1763.4100341796875,1771.0799560546875
1770.5999755859375,1777.469970703125,1769.1099853515625,1773.0799560546875
1772.97998046875,1775.969970703125,1768.81005859375,1771.4100341796875
1771.4100341796875,1783.5899658203125,1771.3800048828125,1778.010009765625
1778.010009765625,1784.43994140625,1776.47998046875,1779.699951171875
1779.6500244140625,1783.010009765625,1776.199951171875,1779.760009765625
1779.56005859375,1781.699951171875,1774.739990234375,1775.6700439453125
1775.6300048828125,1791.0799560546875,1767.9100341796875,1785.260009765625
1784.8800048828125,1805.47998046875,1782.800048828125,1788.1500244140625
1787.989990234375,1800.800048828125,1781.2900390625,1784.199951171875
1784.3499755859375,1792.4300537109375,1773.9000244140625,1791.9000244140625
1791.3299560546875,1797.5,1783.550048828125,1784.530029296875
1785.0999755859375,1788.3900146484375,1777.93994140625,1782.199951171875
1781.8599853515625,1783.27001953125,1771.0999755859375,1778.0699462890625
1777.699951171875,1782.800048828125,1774.699951171875,1776.300048828125
1776.300048828125,1776.699951171875,1763.5,1772.199951171875
1772.9000244140625,1773.5999755859375,1767.699951171875,1767.81005859375
1767.5899658203125,1773.75,1765.31005859375,1770.4200439453125
1770.43994140625,1776.7900390625,1761.449951171875,1763.9100341796875
1763.9100341796875,1764.4000244140625,1754.0799560546875,1756.8599853515625
1756.8800048828125,1772.0799560546875,1756.31005859375,1769.1600341796875
1769.699951171875,1774.0999755859375,1757.6300048828125,1757.6300048828125
1757.699951171875,1758.0999755859375,1734.699951171875,1739.300048828125
1738.800048828125,1752.199951171875,1728.4300537109375,1743.4100341796875
1742.719970703125,1760.4200439453125,1740.4599609375,1750.0999755859375
1750.4000244140625,1787.780029296875,1750.0899658203125,1787.25
1788.27001953125,1803.8900146484373,1781.699951171875,1791.6300048828125
1791.5899658203125,1799.18994140625,1785.800048828125,1786.9599609375
1787.199951171875,1794.9300537109375,1785.5999755859375,1791.300048828125
1791.56005859375,1797.989990234375,1790.0400390625,1791.0
1792.4200439453125,1795.300048828125,1786.0899658203125,1791.739990234375
1791.8800048828125,1830.2099609375,1791.25,1813.5
1814.68994140625,1815.489990234375,1803.5999755859373,1805.1800537109373
1805.02001953125,1808.97998046875,1796.6600341796875,1798.56005859375
1798.6400146484375,1808.8900146484373,1795.199951171875,1802.3900146484373
1801.31005859375,1801.31005859375,1787.4000244140625,1791.5
1791.719970703125,1793.0999755859375,1775.699951171875,1777.2099609375
1776.8299560546875,1780.0899658203125,1767.800048828125,1770.22998046875
1769.699951171875,1772.25,1761.3499755859375,1765.1300048828125
1765.1700439453125,1772.260009765625,1756.5400390625,1769.2900390625
1769.300048828125,1781.0,1763.4300537109375,1777.68994140625
1777.6800537109375,1781.1099853515625,1769.6500244140625,1769.8900146484375
1770.3499755859375,1773.9200439453125,1766.8800048828125,1768.9100341796875
1769.0899658203125,1779.5,1766.9599609375,1776.239990234375
1776.3499755859375,1782.5999755859375,1772.6400146484375,1774.31005859375
1774.0799560546875,1782.989990234375,1770.25,1779.22998046875
1779.2900390625,1792.760009765625,1778.449951171875,1780.1400146484375
1780.010009765625,1781.4599609375,1764.4000244140625,1766.81005859375
1765.6800537109375,1790.52001953125,1759.449951171875,1787.8800048828125
1787.780029296875,1801.0699462890625,1781.199951171875,1795.9100341796875
1795.8599853515625,1810.6800537109373,1791.52001953125,1800.739990234375
1800.1500244140625,1809.219970703125,1797.010009765625,1809.0799560546875
1809.3299560546875,1809.3299560546875,1784.760009765625,1785.1199951171875
1784.8900146484375,1790.8399658203125,1773.25,1789.4300537109375
1789.0899658203125,1792.0,1780.1300048828125,1783.0
1782.989990234375,1788.449951171875,1770.3599853515625,1772.6400146484375
1771.6300048828125,1777.5400390625,1764.9000244140625,1774.3699951171875
1773.9000244140625,1779.5999755859375,1767.1600341796875,1770.06005859375
1770.0999755859375,1782.93994140625,1769.0,1779.0
1779.0,1779.72998046875,1749.4000244140625,1754.699951171875
1754.3399658203125,1758.1700439453125,1740.9100341796875,1756.4100341796875
1757.3499755859375,1762.1300048828125,1747.9200439453125,1749.760009765625
1750.3199462890625,1756.6700439453125,1748.2099609375,1755.0
1754.969970703125,1758.239990234375,1749.260009765625,1752.68994140625
1752.469970703125,1753.43994140625,1745.1600341796875,1750.300048828125
1750.6600341796875,1755.969970703125,1743.780029296875,1755.4599609375
1755.5999755859375,1757.1099853515625,1724.800048828125,1733.6300048828125
1733.489990234375,1739.0899658203125,1728.6600341796875,1734.489990234375
1735.949951171875,1740.75,1731.010009765625,1737.81005859375
1737.780029296875,1749.239990234375,1734.3800048828125,1746.47998046875
1746.489990234375,1749.530029296875,1736.489990234375,1736.8499755859375
1736.949951171875,1742.3900146484375,1729.780029296875,1735.8299560546875
1735.77001953125,1738.6600341796875,1721.6500244140625,1727.6500244140625
1728.3199462890625,1728.5999755859375,1711.2900390625,1721.06005859375
1721.6099853515625,1736.1700439453125,1721.010009765625,1734.52001953125
1734.5699462890625,1744.8699951171875,1729.5999755859375,1731.27001953125
1731.489990234375,1739.9300537109375,1728.3399658203125,1735.81005859375
1735.9599609375,1740.2900390625,1732.030029296875,1739.5899658203125
1737.5999755859375,1739.22998046875,1733.27001953125,1734.9100341796875
1735.0799560546875,1738.510009765625,1730.1400146484375,1736.800048828125
1737.199951171875,1741.72998046875,1735.1700439453125,1740.0799560546875
1739.739990234375,1743.050048828125,1737.4599609375,1742.0
1741.8599853515625,1742.93994140625,1735.47998046875,1736.68994140625
1736.550048828125,1752.97998046875,1728.8199462890625,1730.199951171875
1730.8499755859375,1737.4599609375,1722.1500244140625,1725.6500244140625
1725.6500244140625,1732.6600341796875,1720.56005859375,1729.0799560546875
1729.0400390625,1741.9599609375,1728.9000244140625,1740.97998046875
1741.0,1748.0,1736.1500244140625,1747.9100341796875
1748.239990234375,1754.18994140625,1744.5999755859375,1753.5799560546875
1753.469970703125,1759.5,1749.2099609375,1751.699951171875
1751.719970703125,1757.43994140625,1749.5,1753.1199951171875
1752.800048828125,1755.0999755859375,1747.9000244140625,1754.1600341796875
1754.260009765625,1756.3599853515625,1742.989990234375,1744.719970703125
1744.6500244140625,1747.0799560546875,1739.6500244140625,1742.530029296875
1741.3599853515625,1745.800048828125,1733.530029296875,1740.2900390625
1740.239990234375,1749.800048828125,1734.27001953125,1745.0799560546875
1745.68994140625,1747.5999755859375,1731.8199462890625,1741.5
1742.050048828125,1747.4100341796875,1736.0,1737.81005859375
1737.81005859375,1742.300048828125,1730.0,1737.4599609375
1737.93994140625,1750.25,1737.0899658203125,1747.1099853515625
1747.5999755859375,1757.9300537109375,1746.1400146484375,1750.0999755859375
1750.4200439453125,1751.47998046875,1745.7099609375,1746.989990234375
1747.18994140625,1749.18994140625,1743.9100341796875,1747.449951171875
1747.6400146484375,1749.760009765625,1743.739990234375,1747.030029296875
1746.9000244140625,1749.5999755859375,1745.030029296875,1746.1600341796875
1746.1600341796875,1747.9000244140625,1740.3399658203125,1743.8199462890625
1743.780029296875,1745.4100341796875,1736.5999755859375,1741.47998046875
1741.7099609375,1775.9000244140625,1736.5799560546875,1766.1400146484375
1766.800048828125,1773.2099609375,1763.219970703125,1771.47998046875
1771.3399658203125,1778.199951171875,1767.8299560546875,1774.800048828125
1774.8499755859375,1779.030029296875,1770.8900146484375,1773.489990234375
1773.5799560546875,1778.25,1771.3299560546875,1777.8199462890625
1778.0400390625,1778.68994140625,1768.1500244140625,1770.010009765625
1770.4000244140625,1776.5400390625,1767.780029296875,1772.3900146484375
1772.1600341796875,1787.8900146484375,1771.43994140625,1782.969970703125
1782.719970703125,1793.5,1780.0899658203125,1791.5
1791.4200439453125,1800.8399658203125,1788.27001953125,1795.6800537109375
1796.0,1801.0999755859375,1793.0799560546875,1800.22998046875
1800.47998046875,1805.8699951171875,1791.5999755859375,1792.5
1792.5799560546875,1809.9000244140625,1792.4000244140625,1802.800048828125
1801.8499755859373,1803.2900390625,1775.739990234375,1783.4599609375
1783.56005859375,1795.199951171875,1782.7099609375,1789.699951171875
1790.0799560546875,1798.1800537109375,1784.52001953125,1796.0
1795.9000244140625,1797.8900146484375,1786.739990234375,1786.739990234375
1786.8800048828125,1790.780029296875,1780.3199462890625,1783.5799560546875
1783.3299560546875,1795.68994140625,1782.6800537109375,1791.1099853515625
1791.8599853515625,1793.0699462890625,1788.1700439453125,1788.8499755859375
1788.6700439453125,1795.4200439453125,1788.449951171875,1793.0
1792.9100341796875,1795.3299560546875,1791.56005859375,1793.969970703125
1793.969970703125,1797.0400390625,1791.260009765625,1795.739990234375
1795.2099609375,1795.969970703125,1788.800048828125,1792.0799560546875
1791.969970703125,1797.5699462890625,1787.449951171875,1788.1199951171875
1787.72998046875,1794.949951171875,1786.3599853515625,1794.280029296875
1794.4200439453125,1796.9000244140625,1792.5400390625,1795.199951171875
1795.1800537109375,1798.8599853515625,1794.3900146484375,1795.18994140625
1795.18994140625,1800.18994140625,1793.8599853515625,1797.9200439453125
1796.52001953125,1801.6400146484373,1794.3699951171875,1797.969970703125
1797.9000244140625,1800.5699462890625,1796.8900146484375,1798.6800537109375
1798.6600341796875,1802.0799560546875,1798.1700439453125,1800.22998046875
1800.050048828125,1801.3199462890625,1793.56005859375,1794.0
1794.469970703125,1797.719970703125,1794.010009765625,1796.7099609375
1796.800048828125,1799.4200439453125,1795.5699462890625,1798.949951171875
1798.949951171875,1799.989990234375,1796.81005859375,1798.6600341796875
1798.9300537109375,1804.719970703125,1797.3900146484375,1801.550048828125
1801.3199462890625,1815.1600341796875,1801.199951171875,1809.6500244140625
1809.949951171875,1825.9200439453125,1807.75,1813.52001953125
1813.510009765625,1822.3199462890625,1809.8299560546875,1822.010009765625
1822.3299560546875,1828.1400146484373,1817.0999755859373,1823.280029296875
1823.6700439453125,1827.8399658203125,1822.5699462890625,1824.9599609375
1824.8399658203125,1826.1600341796875,1818.0,1823.4100341796875
1823.4000244140625,1827.6199951171875,1822.9000244140625,1825.0899658203125
1824.8499755859373,1828.0799560546875,1821.6099853515625,1822.719970703125
1822.719970703125,1822.800048828125,1809.5999755859373,1812.7900390625
1812.780029296875,1814.6400146484373,1785.719970703125,1786.81005859375
1786.9200439453125,1789.6800537109375,1778.81005859375,1787.72998046875
1787.6099853515625,1807.2900390625,1787.0,1805.5799560546875
1805.5799560546875,1806.31005859375,1802.06005859375,1803.9599609375
1803.8599853515625,1811.1700439453125,1802.030029296875,1810.4200439453125
1810.239990234375,1811.3900146484373,1803.0,1804.800048828125
1804.8399658203125,1806.010009765625,1800.1500244140625,1802.1700439453125
1801.72998046875,1801.72998046875,1788.8800048828125,1794.02001953125
1793.989990234375,1798.0,1793.0899658203125,1797.699951171875
1797.3199462890625,1807.8399658203125,1797.3199462890625,1803.9200439453125
1803.93994140625,1804.800048828125,1795.5,1801.3299560546875
1801.3199462890625,1801.3199462890625,1797.9200439453125,1798.3299560546875
1798.5999755859375,1805.52001953125,1795.5,1802.6500244140625
1802.3399658203125,1807.68994140625,1801.8900146484373,1805.989990234375
1805.93994140625,1808.6400146484373,1804.2900390625,1804.72998046875
1804.9000244140625,1820.2900390625,1803.239990234375,1818.510009765625
1818.6500244140625,1825.0799560546875,1815.43994140625,1819.9599609375
1820.1300048828125,1823.1099853515625,1816.8599853515625,1820.75
1820.7099609375,1821.1700439453125,1814.5799560546875,1817.199951171875
1817.31005859375,1821.25,1814.0699462890625,1820.4000244140625
1820.4300537109373,1821.8299560546875,1817.75,1820.3900146484373
1820.489990234375,1822.68994140625,1817.550048828125,1820.199951171875
1820.3900146484373,1822.5999755859373,1810.239990234375,1811.4000244140625
1807.1700439453125,1807.72998046875,1796.5400390625,1804.010009765625
1803.8299560546875,1807.780029296875,1799.7099609375,1805.510009765625
1805.739990234375,1840.8499755859373,1803.1099853515625,1825.3299560546875
1825.199951171875,1828.199951171875,1804.3299560546875,1805.739990234375
1805.77001953125,1813.6199951171875,1798.050048828125,1805.6600341796875
1804.300048828125,1805.5,1774.199951171875,1779.1199951171875
1779.22998046875,1783.6800537109375,1775.02001953125,1777.3299560546875
1777.43994140625,1785.3900146484375,1773.56005859375,1780.510009765625
1781.3199462890625,1782.280029296875,1774.25,1776.300048828125
1777.5,1789.739990234375,1775.02001953125,1785.97998046875
1786.27001953125,1791.97998046875,1782.199951171875,1788.699951171875
1788.97998046875,1788.97998046875,1783.699951171875,1784.1800537109375
1784.1099853515625,1785.239990234375,1775.81005859375,1778.0899658203125
1778.699951171875,1783.2900390625,1778.2099609375,1779.199951171875
1779.5899658203125,1782.1600341796875,1767.1600341796875,1770.5699462890625
1770.1800537109375,1774.8900146484375,1762.1600341796875,1769.699951171875
1769.2900390625,1780.260009765625,1761.52001953125,1780.0
1779.7900390625,1785.219970703125,1773.969970703125,1775.3900146484375
1775.68994140625,1779.1600341796875,1765.699951171875,1770.300048828125
1770.31005859375,1774.0999755859375,1751.2900390625,1751.6500244140625
1751.8399658203125,1765.550048828125,1749.0999755859375,1762.5
1763.010009765625,1773.3499755859375,1762.530029296875,1773.1800537109375
1772.7099609375,1775.2900390625,1760.5999755859375,1765.6700439453125
1765.5999755859375,1765.5999755859375,1751.8900146484375,1759.9000244140625
1760.1300048828125,1766.56005859375,1753.969970703125,1755.8499755859375
1755.8299560546875,1775.780029296875,1754.02001953125,1774.5699462890625
1775.0799560546875,1786.0999755859375,1771.3599853515625,1783.6300048828125
1784.1400146484375,1792.43994140625,1781.2099609375,1782.93994140625
1782.8199462890625,1787.0,1773.260009765625,1780.530029296875
1780.800048828125,1781.989990234375,1772.719970703125,1781.9000244140625
1781.6199951171875,1787.68994140625,1780.3299560546875,1783.72998046875
1783.510009765625,1790.6800537109375,1782.3399658203125,1784.8900146484375
1784.5799560546875,1785.280029296875,1779.75,1780.9100341796875
1780.4100341796875,1783.800048828125,1776.93994140625,1778.6600341796875
1778.6099853515625,1787.77001953125,1777.06005859375,1783.8900146484375
1783.6600341796875,1787.719970703125,1780.81005859375,1784.1099853515625
1784.3399658203125,1802.7099609375,1784.06005859375,1798.3900146484375
1798.56005859375,1800.6099853515625,1793.6300048828125,1795.9100341796875
1796.6700439453125,1860.93994140625,1792.3800048828125,1858.5899658203125
1861.06005859375,1880.699951171875,1853.260009765625,1869.780029296875
1869.3399658203125,1880.77001953125,1858.6800537109373,1879.3800048828125
1880.280029296875,1885.0,1871.6400146484373,1873.7099609375
1874.3399658203125,1875.9000244140625,1867.8699951171875,1872.449951171875
1872.6600341796875,1872.6600341796875,1861.449951171875,1870.47998046875
1870.72998046875,1875.72998046875,1867.3299560546875,1873.4000244140625
1873.68994140625,1880.4200439453125,1873.3599853515625,1875.7099609375
1876.6700439453125,1877.8800048828125,1872.93994140625,1874.260009765625
1874.4100341796875,1878.5400390625,1873.43994140625,1875.469970703125
1875.5999755859373,1895.0,1870.9300537109373,1881.18994140625
1880.800048828125,1891.530029296875,1877.7099609375,1890.5400390625
1891.25,1891.97998046875,1876.97998046875,1880.3800048828125
1880.780029296875,1880.780029296875,1866.1600341796875,1869.1300048828125
1868.9000244140625,1871.3900146484373,1863.2900390625,1863.52001953125
1863.52001953125,1877.6600341796875,1863.3900146484373,1874.93994140625
1874.7099609375,1878.5699462890625,1872.18994140625,1874.969970703125
1875.5999755859373,1881.699951171875,1870.5,1880.9000244140625
1881.010009765625,1890.3900146484373,1874.52001953125,1874.7099609375
1874.75,1875.8900146484373,1863.510009765625,1868.77001953125
1869.5,1878.56005859375,1868.9100341796875,1878.0400390625
1878.06005859375,1885.3499755859373,1878.06005859375,1878.5999755859373
1878.5899658203125,1884.5699462890625,1873.9100341796875,1876.75
1876.739990234375,1884.3599853515625,1876.489990234375,1883.0899658203125
1882.97998046875,1927.43994140625,1877.699951171875,1925.6099853515625
1927.4000244140625,1944.300048828125,1915.4300537109373,1924.1099853515625
1925.1099853515625,1933.68994140625,1917.6600341796875,1931.77001953125
1931.77001953125,1936.0,1924.010009765625,1930.0
1930.52001953125,1930.81005859375,1902.6500244140625,1917.6099853515625
1918.1800537109373,1929.0999755859373,1918.1700439453125,1926.6500244140625
1926.0799560546875,1935.3599853515625,1921.27001953125,1922.9100341796875
1923.030029296875,1927.780029296875,1918.18994140625,1922.1700439453125
1923.3499755859373,1929.1199951171875,1919.5,1922.469970703125
1922.469970703125,1924.81005859375,1918.77001953125,1921.030029296875
1920.9599609375,1925.3599853515625,1917.1099853515625,1922.25
1922.239990234375,1925.9300537109373,1914.1199951171875,1916.760009765625
1916.530029296875,1923.780029296875,1910.31005859375,1913.5899658203125
1913.9200439453125,1924.81005859375,1906.989990234375,1921.4000244140625
1920.9599609375,1924.949951171875,1917.75,1923.8699951171875
1923.800048828125,1927.6700439453125,1915.5699462890625,1917.47998046875
1917.18994140625,1919.6099853515625,1912.7900390625,1916.3900146484373
1916.8900146484373,1925.9200439453125,1915.75,1924.22998046875
1923.9100341796875,1927.3199462890625,1914.3499755859373,1921.1600341796875
1921.1500244140625,1921.18994140625,1903.7099609375,1908.8800048828125
1908.9000244140625,1911.1199951171875,1875.0,1884.8199462890625
1884.9300537109373,1887.699951171875,1879.8699951171875,1882.93994140625
1883.4100341796875,1889.989990234375,1882.3299560546875,1886.989990234375
1886.989990234375,1886.989990234375,1877.699951171875,1883.780029296875
1883.5400390625,1883.760009765625,1866.25,1871.2900390625
1870.989990234375,1888.5899658203125,1869.6800537109373,1880.5
1880.3599853515625,1891.199951171875,1872.9599609375,1881.5699462890625
1881.449951171875,1891.949951171875,1869.47998046875,1880.300048828125
1880.1300048828125,1881.6600341796875,1873.1600341796875,1877.489990234375
1877.3800048828125,1877.6800537109373,1862.1500244140625,1867.6600341796875
1867.6800537109373,1877.9100341796875,1866.9200439453125,1874.280029296875
1874.6800537109373,1876.43994140625,1869.550048828125,1874.0999755859373
1873.2900390625,1874.3399658203125,1869.8399658203125,1870.199951171875
1870.010009765625,1879.449951171875,1870.010009765625,1877.1099853515625
1877.5799560546875,1879.9300537109373,1866.9300537109373,1867.5799560546875
1866.9300537109373,1869.0999755859373,1856.02001953125,1863.1800537109373
1863.0699462890625,1865.0899658203125,1848.1600341796875,1864.260009765625
1864.4100341796875,1869.31005859375,1846.5999755859373,1849.75
1848.9100341796875,1853.8800048828125,1841.9000244140625,1846.5400390625
1846.760009765625,1857.6700439453125,1845.56005859375,1850.9100341796875
1850.8499755859373,1851.0799560546875,1842.4200439453125,1848.6600341796875
1847.780029296875,1847.780029296875,1820.030029296875,1822.219970703125
1821.8199462890625,1834.56005859375,1820.1700439453125,1830.449951171875
1830.2900390625,1831.6400146484373,1824.5999755859373,1826.449951171875
1826.6500244140625,1830.6700439453125,1819.43994140625,1828.1700439453125
1828.219970703125,1834.199951171875,1827.3599853515625,1833.1300048828125
1833.0999755859373,1838.18994140625,1832.22998046875,1835.1700439453125
1835.199951171875,1841.1800537109373,1831.5400390625,1837.4200439453125
1837.550048828125,1838.3599853515625,1825.6800537109373,1826.77001953125
1826.8800048828125,1827.4599609375,1802.0899658203125,1823.3299560546875
1823.4599609375,1832.0899658203125,1815.6500244140625,1820.530029296875
1820.6099853515625,1829.8599853515625,1809.47998046875,1829.3599853515625
1828.81005859375,1839.1500244140625,1825.1199951171875,1834.8499755859373
1835.530029296875,1855.18994140625,1835.52001953125,1842.6300048828125
1842.6700439453125,1848.68994140625,1833.8699951171875,1845.97998046875
1845.5799560546875,1846.030029296875,1835.02001953125,1842.199951171875
1841.949951171875,1845.280029296875,1836.1800537109373,1841.739990234375
1841.6300048828125,1845.5999755859373,1839.8199462890625,1840.43994140625
1840.7900390625,1842.6800537109373,1836.25,1838.6300048828125
1838.6500244140625,1843.2900390625,1834.0,1840.739990234375
1840.9300537109373,1843.7900390625,1838.8900146484373,1839.8599853515625
1839.699951171875,1842.1700439453125,1838.300048828125,1841.300048828125
1841.8699951171875,1845.7099609375,1840.3199462890625,1841.0
1840.8499755859373,1845.239990234375,1840.43994140625,1844.81005859375
1844.9200439453125,1845.0699462890625,1841.25,1843.3499755859373
1843.3900146484373,1848.0,1841.8800048828125,1844.6199951171875
1844.75,1846.77001953125,1841.9000244140625,1843.6099853515625
1843.6099853515625,1844.9000244140625,1841.7900390625,1843.030029296875
1843.239990234375,1848.02001953125,1841.199951171875,1846.18994140625
1846.31005859375,1846.7900390625,1841.8399658203125,1843.8699951171875
1843.68994140625,1845.47998046875,1842.9000244140625,1844.18994140625
1844.18994140625,1845.4100341796875,1842.949951171875,1844.1700439453125
1844.1700439453125,1849.0699462890625,1839.199951171875,1843.4100341796875
1842.8800048828125,1843.02001953125,1836.25,1840.31005859375
1840.489990234375,1845.0899658203125,1839.6099853515625,1844.550048828125
1844.760009765625,1844.949951171875,1840.8599853515625,1842.5
1842.5,1845.68994140625,1840.5,1844.510009765625
1844.719970703125,1852.1800537109373,1842.010009765625,1851.4100341796875
1851.699951171875,1864.030029296875,1848.719970703125,1856.2900390625
1856.760009765625,1860.1400146484373,1854.5699462890625,1857.239990234375
1857.3499755859373,1861.8699951171875,1854.5400390625,1855.9200439453125
1856.2900390625,1861.6400146484373,1854.6400146484373,1859.6400146484373
1859.4100341796875,1864.31005859375,1858.780029296875,1862.4200439453125
1862.3299560546875,1863.1199951171875,1858.81005859375,1861.5400390625
1861.6199951171875,1862.27001953125,1858.010009765625,1860.1199951171875
1860.1700439453125,1860.3699951171875,1857.4000244140625,1857.8699951171875
1857.8199462890625,1875.800048828125,1857.8199462890625,1870.25
1871.699951171875,1871.7099609375,1862.5999755859373,1866.06005859375
1865.4000244140625,1869.0,1863.0699462890625,1866.0899658203125
1866.469970703125,1869.18994140625,1864.5,1867.1700439453125
1867.1800537109373,1870.199951171875,1866.8299560546875,1867.9000244140625
1867.77001953125,1870.6400146484373,1865.9100341796875,1868.0400390625
1869.0999755859373,1874.1500244140625,1866.4599609375,1872.5
1872.699951171875,1872.8299560546875,1864.25,1865.199951171875
1865.050048828125,1876.219970703125,1863.02001953125,1870.949951171875
1871.030029296875,1877.27001953125,1869.0400390625,1870.050048828125
1869.9599609375,1873.0,1863.260009765625,1869.1199951171875
1869.1199951171875,1872.3499755859373,1864.5999755859373,1870.4200439453125
1870.5,1877.4300537109373,1867.3299560546875,1873.31005859375
1873.2099609375,1874.739990234375,1867.5,1869.6600341796875
1869.5799560546875,1872.3800048828125,1864.510009765625,1865.3599853515625
1865.1400146484373,1872.1600341796875,1858.68994140625,1865.9300537109373
1865.8900146484373,1866.56005859375,1853.9000244140625,1859.3199462890625
1860.1099853515625,1861.3900146484373,1853.550048828125,1860.75
1861.300048828125,1865.760009765625,1860.719970703125,1865.760009765625
1866.02001953125,1866.3599853515625,1856.0899658203125,1860.75
1858.739990234375,1875.7099609375,1855.97998046875,1869.1099853515625
1869.280029296875,1873.300048828125,1863.739990234375,1870.8599853515625
1871.010009765625,1890.199951171875,1861.260009765625,1870.6099853515625
1870.8800048828125,1887.8399658203125,1864.2900390625,1867.81005859375
1867.6400146484373,1881.3199462890625,1866.449951171875,1877.530029296875
1877.5899658203125,1880.8199462890625,1869.4100341796875,1878.0999755859373
1878.3399658203125,1878.47998046875,1866.949951171875,1867.0799560546875
1867.5799560546875,1868.4000244140625,1850.300048828125,1853.800048828125
1854.4000244140625,1858.449951171875,1842.8399658203125,1848.0
1848.4100341796875,1863.8800048828125,1847.780029296875,1862.3800048828125
1861.6199951171875,1866.9599609375,1852.510009765625,1859.1800537109373
1859.02001953125,1865.6800537109373,1856.239990234375,1862.4000244140625
1862.5699462890625,1869.6800537109373,1861.1400146484373,1867.239990234375
1867.699951171875,1894.75,1866.300048828125,1891.56005859375
1891.93994140625,1891.93994140625,1870.199951171875,1871.300048828125
1871.3499755859373,1878.300048828125,1855.75,1860.6700439453125
1860.1199951171875,1869.699951171875,1851.77001953125,1866.18994140625
1867.0799560546875,1902.02001953125,1866.0,1901.0899658203125
1901.6099853515625,1905.5,1892.4300537109373,1898.1199951171875
1897.3299560546875,1908.1099853515625,1893.9599609375,1906.3299560546875
1906.489990234375,1916.9300537109373,1896.199951171875,1898.010009765625
1897.6600341796875,1899.8199462890625,1888.699951171875,1897.4000244140625
1898.9300537109373,1905.4100341796875,1894.6099853515625,1903.5400390625
1903.199951171875,1906.3199462890625,1900.47998046875,1901.050048828125
1900.8399658203125,1900.8399658203125,1892.9000244140625,1894.5899658203125
1894.56005859375,1904.0,1894.050048828125,1903.5400390625
1903.47998046875,1916.800048828125,1899.56005859375,1913.9000244140625
1913.260009765625,1916.9100341796875,1905.9000244140625,1906.300048828125
1906.43994140625,1920.3699951171875,1903.3199462890625,1916.1700439453125
1916.050048828125,1927.0999755859373,1915.5999755859373,1925.6400146484373
1925.4599609375,1929.8399658203125,1921.27001953125,1923.3599853515625
1923.0,1933.989990234375,1920.72998046875,1929.260009765625
1929.0999755859373,1938.3599853515625,1926.5,1933.5899658203125
1933.4000244140625,1937.8800048828125,1932.1600341796875,1932.8900146484373
1932.77001953125,1949.3699951171875,1930.3699951171875,1938.6199951171875
1938.25,1942.280029296875,1935.68994140625,1940.800048828125
1940.8499755859373,1945.81005859375,1931.06005859375,1932.8499755859373
1932.9599609375,1936.0699462890625,1926.239990234375,1934.6099853515625
1934.760009765625,1944.1400146484373,1931.6500244140625,1941.6099853515625
1941.300048828125,1942.550048828125,1926.199951171875,1938.93994140625
1938.530029296875,1942.75,1926.1199951171875,1930.1500244140625
1930.010009765625,1931.449951171875,1922.5,1930.760009765625
1930.989990234375,1934.4300537109373,1920.719970703125,1925.300048828125
1925.0400390625,1927.1800537109373,1915.199951171875,1917.300048828125
1917.4599609375,1921.6800537109373,1914.25,1918.949951171875
1918.8800048828125,1925.4000244140625,1917.3399658203125,1922.6400146484373
1923.3800048828125,1925.489990234375,1920.43994140625,1922.1800537109373
1922.050048828125,1925.719970703125,1918.81005859375,1923.1700439453125
1922.300048828125,1922.93994140625,1917.1300048828125,1919.5999755859373
1919.1600341796875,1929.699951171875,1915.699951171875,1928.6300048828125
1929.0999755859373,1942.8199462890625,1927.800048828125,1938.1300048828125
1938.47998046875,1939.199951171875,1927.239990234375,1932.4200439453125
1931.739990234375,1935.239990234375,1925.5400390625,1929.0699462890625
1928.72998046875,1934.6300048828125,1925.4000244140625,1927.5
1926.8399658203125,1937.989990234375,1926.8399658203125,1935.489990234375
1935.739990234375,1935.739990234375,1916.9000244140625,1918.0799560546875
1918.8599853515625,1919.8499755859373,1912.199951171875,1916.27001953125
1916.8800048828125,1917.8299560546875,1909.47998046875,1912.8800048828125
1912.68994140625,1923.9000244140625,1912.68994140625,1919.800048828125
1919.6099853515625,1925.0799560546875,1918.199951171875,1923.199951171875
1923.5,1932.3699951171875,1921.9100341796875,1929.4100341796875
1929.199951171875,1930.1600341796875,1921.2099609375,1926.1600341796875
1926.1600341796875,1926.1600341796875,1912.4100341796875,1915.5899658203125
1915.72998046875,1941.1400146484373,1915.4000244140625,1938.81005859375
1938.5,1952.7900390625,1921.6400146484373,1932.1199951171875
1932.699951171875,1951.300048828125,1932.0999755859373,1941.949951171875
1942.06005859375,1955.5999755859373,1935.4200439453125,1949.4200439453125
1949.0999755859373,1949.5999755859373,1934.1500244140625,1937.6600341796875
1937.739990234375,1939.18994140625,1922.699951171875,1929.9100341796875
1929.8800048828125,1931.0400390625,1920.0799560546875,1924.300048828125
1923.5400390625,1929.5,1921.800048828125,1926.030029296875
1925.93994140625,1938.6300048828125,1925.93994140625,1937.9300537109373
1936.2099609375,1938.030029296875,1930.0,1937.4300537109373
1937.449951171875,1937.449951171875,1922.8800048828125,1933.5400390625
1933.8900146484373,1940.6500244140625,1931.4000244140625,1931.4000244140625
1931.52001953125,1935.8399658203125,1925.9000244140625,1927.6500244140625
1927.43994140625,1928.6400146484373,1921.4200439453125,1926.3399658203125
1926.77001953125,1926.969970703125,1917.4599609375,1919.530029296875
1919.530029296875,1925.06005859375,1917.6099853515625,1918.4599609375
1918.760009765625,1927.6099853515625,1917.0699462890625,1921.949951171875
1921.510009765625,1925.9599609375,1920.0400390625,1924.4000244140625
1924.2099609375,1924.2099609375,1911.1400146484373,1914.199951171875
1914.300048828125,1926.1199951171875,1913.0999755859373,1925.550048828125
1925.7900390625,1930.3800048828125,1922.3699951171875,1923.1800537109373
1923.5,1929.5999755859373,1920.510009765625,1927.300048828125
1927.31005859375,1928.4599609375,1924.0,1925.260009765625
1925.0699462890625,1927.1199951171875,1894.0799560546875,1903.0999755859373
1903.550048828125,1908.1099853515625,1894.5799560546875,1897.3499755859373
1897.8299560546875,1905.7099609375,1891.6600341796875,1895.6500244140625
1895.2900390625,1896.22998046875,1881.6099853515625,1893.800048828125
1893.699951171875,1893.699951171875,1883.31005859375,1886.31005859375
1886.0999755859373,1890.449951171875,1875.949951171875,1877.0
1877.0999755859373,1882.760009765625,1874.3299560546875,1879.6400146484373
1879.68994140625,1882.0999755859373,1868.0,1874.1400146484373
1873.8599853515625,1887.300048828125,1872.9300537109373,1884.469970703125
1884.449951171875,1887.2900390625,1879.300048828125,1881.199951171875
1881.219970703125,1882.6199951171875,1873.260009765625,1881.969970703125
1882.02001953125,1883.1400146484373,1874.3199462890625,1876.9100341796875
1877.31005859375,1877.6099853515625,1860.8699951171875,1869.949951171875
1870.1500244140625,1876.199951171875,1869.1800537109373,1871.219970703125
1871.5999755859373,1877.1500244140625,1863.1099853515625,1867.8199462890625
1867.8199462890625,1879.6400146484373,1866.4000244140625,1879.199951171875
1879.4300537109373,1880.4000244140625,1873.2099609375,1874.56005859375
1874.800048828125,1880.7900390625,1872.0,1879.280029296875
1879.280029296875,1887.030029296875,1877.68994140625,1886.72998046875
1887.0,1908.02001953125,1887.0,1894.6600341796875
1894.68994140625,1894.8699951171875,1885.5,1886.6600341796875
1886.8199462890625,1887.8900146484373,1878.4000244140625,1886.6600341796875
1886.68994140625,1887.1199951171875,1878.8499755859373,1882.4000244140625
1882.260009765625,1883.2900390625,1875.1199951171875,1882.760009765625
1882.0799560546875,1884.3800048828125,1870.1600341796875,1870.72998046875
1872.5999755859373,1873.27001953125,1846.6099853515625,1854.719970703125
1855.9100341796875,1861.0899658203125,1846.0899658203125,1861.030029296875
1860.050048828125,1867.510009765625,1852.300048828125,1860.0
1860.0400390625,1864.5,1851.699951171875,1855.5999755859373
1855.5400390625,1865.0,1853.0899658203125,1864.9000244140625
1865.06005859375,1865.06005859375,1856.6500244140625,1860.800048828125
1861.3199462890625,1862.699951171875,1856.1500244140625,1862.0
1861.9200439453125,1863.6700439453125,1856.6500244140625,1859.22998046875
1859.2099609375,1859.5899658203125,1855.3499755859373,1855.6199951171875
1855.6199951171875,1860.0,1855.010009765625,1857.6800537109373
1857.6700439453125,1860.3699951171875,1857.25,1860.010009765625
1859.8900146484373,1862.989990234375,1855.5699462890625,1858.510009765625
1858.7099609375,1862.0899658203125,1856.47998046875,1858.5
1858.5999755859373,1860.0400390625,1856.530029296875,1857.9300537109373
1857.8499755859373,1858.9599609375,1854.3800048828125,1856.9200439453125
1856.969970703125,1860.949951171875,1856.93994140625,1859.6400146484373
1859.6300048828125,1861.2099609375,1855.1800537109373,1856.6400146484373
1856.5799560546875,1858.56005859375,1853.0,1857.1800537109373
1856.9000244140625,1857.1199951171875,1854.489990234375,1854.489990234375
1853.449951171875,1854.47998046875,1849.260009765625,1852.0799560546875
1852.1099853515625,1857.1600341796875,1850.219970703125,1856.5400390625
1856.75,1857.489990234375,1854.8499755859373,1856.77001953125
1856.77001953125,1858.199951171875,1855.800048828125,1856.06005859375
1856.0899658203125,1858.4300537109373,1855.0999755859373,1858.3699951171875
1858.3599853515625,1869.2900390625,1857.8800048828125,1865.260009765625
1865.530029296875,1867.4300537109373,1863.510009765625,1867.050048828125
1866.8599853515625,1869.6199951171875,1865.4000244140625,1866.0999755859373
1866.47998046875,1868.75,1862.969970703125,1866.3299560546875
1866.5999755859373,1872.6199951171875,1866.25,1871.3599853515625
1871.6300048828125,1874.5400390625,1870.530029296875,1873.739990234375
1873.699951171875,1874.8499755859373,1872.6099853515625,1873.06005859375
1873.2900390625,1873.2900390625,1868.8599853515625,1870.5
1870.510009765625,1873.0799560546875,1866.4300537109373,1870.989990234375
1871.0699462890625,1875.31005859375,1870.5,1874.1500244140625
1874.3599853515625,1874.6800537109373,1871.6099853515625,1873.050048828125
1873.010009765625,1879.5899658203125,1872.1600341796875,1879.5899658203125
1879.4599609375,1879.9599609375,1876.0999755859373,1877.0400390625
1877.1300048828125,1879.8199462890625,1875.47998046875,1879.1400146484373
1879.1500244140625,1882.4000244140625,1877.2900390625,1880.5899658203125
1880.81005859375,1887.4000244140625,1878.5899658203125,1884.6800537109373
1884.969970703125,1885.780029296875,1881.739990234375,1881.739990234375
1881.5999755859373,1883.6300048828125,1876.8599853515625,1883.3800048828125
1883.6300048828125,1884.6199951171875,1878.989990234375,1879.8499755859373
1879.8699951171875,1880.8800048828125,1877.68994140625,1879.8299560546875
1879.8399658203125,1884.0,1879.5400390625,1882.0899658203125
1882.27001953125,1885.8599853515625,1880.699951171875,1884.3199462890625
1884.2099609375,1886.0699462890625,1883.0400390625,1884.22998046875
1884.4100341796875,1890.800048828125,1883.81005859375,1884.780029296875
1884.8499755859373,1887.219970703125,1880.5699462890625,1885.010009765625
1885.0699462890625,1897.8399658203125,1885.0699462890625,1896.93994140625
1897.0799560546875,1914.77001953125,1896.239990234375,1913.2900390625
1914.27001953125,1926.0799560546875,1907.22998046875,1914.52001953125
1914.5899658203125,1916.030029296875,1909.0999755859373,1909.550048828125
1909.550048828125,1914.4300537109373,1909.280029296875,1912.739990234375
1912.739990234375,1914.1600341796875,1910.2099609375,1912.47998046875
1912.550048828125,1913.0,1909.800048828125,1912.02001953125
1912.4000244140625,1927.6800537109373,1912.0999755859373,1924.1800537109373
1931.3499755859373,1950.3900146484373,1931.3499755859373,1947.9100341796875
1950.5999755859373,1963.9000244140625,1945.9300537109373,1952.8900146484373
1953.3499755859373,1953.3499755859373,1937.9100341796875,1940.6800537109373
1940.760009765625,1946.6400146484373,1934.780029296875,1946.300048828125
1946.52001953125,1947.5899658203125,1939.949951171875,1941.25
1941.5699462890625,1949.06005859375,1940.6800537109373,1948.02001953125
1948.06005859375,1960.050048828125,1946.8900146484373,1951.6400146484373
1951.780029296875,1967.3699951171875,1950.469970703125,1963.9200439453125
1963.6400146484373,1975.4300537109373,1962.02001953125,1966.5
1966.760009765625,1969.8399658203125,1959.989990234375,1963.0
1963.9200439453125,1966.9000244140625,1960.510009765625,1963.300048828125
1962.3199462890625,1966.5899658203125,1955.5999755859373,1963.31005859375
1963.18994140625,1970.199951171875,1961.9000244140625,1965.9200439453125
1965.199951171875,1965.280029296875,1956.43994140625,1957.8900146484373
1958.300048828125,1962.949951171875,1941.4000244140625,1956.0899658203125
1956.22998046875,1975.4100341796875,1948.68994140625,1958.989990234375
1958.9000244140625,1964.699951171875,1918.1500244140625,1930.1700439453125
1929.9000244140625,1935.489990234375,1923.22998046875,1925.510009765625
1925.8900146484373,1944.6600341796875,1920.7900390625,1938.5
1938.02001953125,1944.1700439453125,1932.9599609375,1941.9000244140625
1941.949951171875,1942.5899658203125,1927.1700439453125,1937.199951171875
1937.22998046875,1953.5899658203125,1935.530029296875,1946.8199462890625
1948.25,1948.6700439453125,1941.5,1945.030029296875
1944.9300537109373,1948.06005859375,1939.1099853515625,1940.0
1939.989990234375,1939.989990234375,1890.8800048828125,1892.0
1889.2099609375,1894.199951171875,1882.199951171875,1890.6700439453125
1891.1099853515625,1892.780029296875,1876.030029296875,1877.1099853515625
1877.0999755859373,1880.9100341796875,1865.5999755859373,1874.1500244140625
1873.800048828125,1878.469970703125,1870.9000244140625,1874.0
1874.199951171875,1881.449951171875,1870.949951171875,1879.530029296875
1879.02001953125,1880.800048828125,1874.6600341796875,1877.3699951171875
1877.260009765625,1887.510009765625,1876.6300048828125,1881.31005859375
1881.0,1886.5999755859373,1876.699951171875,1886.5999755859373
1886.510009765625,1886.8599853515625,1878.0999755859373,1881.8800048828125
1881.2099609375,1883.6600341796875,1878.260009765625,1882.489990234375
1882.1600341796875,1882.9300537109373,1872.510009765625,1874.260009765625
1873.699951171875,1879.25,1872.010009765625,1876.9200439453125
1877.25,1880.22998046875,1869.719970703125,1874.7900390625
1874.8199462890625,1891.280029296875,1872.510009765625,1890.4000244140625
1891.0,1894.0899658203125,1856.219970703125,1872.0999755859373
1872.3599853515625,1890.989990234375,1865.6500244140625,1886.8900146484373
1886.5899658203125,1922.0999755859373,1882.77001953125,1918.300048828125
1917.9100341796875,1926.530029296875,1912.6600341796875,1924.010009765625
1923.699951171875,1923.699951171875,1892.0,1899.489990234375
1899.97998046875,1912.5999755859373,1899.97998046875,1908.8199462890625
1909.47998046875,1920.1600341796875,1909.280029296875,1919.510009765625
1920.1700439453125,1921.8299560546875,1914.239990234375,1916.1600341796875
1916.300048828125,1926.75,1916.260009765625,1921.8499755859373
1923.1199951171875,1924.6400146484373,1907.8499755859373,1909.760009765625
1909.6400146484373,1920.800048828125,1902.010009765625,1919.9000244140625
1920.1099853515625,1926.2099609375,1914.56005859375,1915.1700439453125
1914.72998046875,1916.010009765625,1902.9000244140625,1903.27001953125
1903.0999755859373,1917.1199951171875,1898.800048828125,1908.4000244140625
1907.9000244140625,1910.5,1888.4100341796875,1890.1600341796875
1890.43994140625,1903.5999755859373,1882.18994140625,1903.0400390625
1903.239990234375,1912.6600341796875,1901.6099853515625,1910.219970703125
1910.22998046875,1918.81005859375,1906.5699462890625,1917.81005859375
1918.5899658203125,1922.27001953125,1911.81005859375,1921.280029296875
1922.0,1922.989990234375,1909.8199462890625,1912.8599853515625
1912.75,1922.56005859375,1912.719970703125,1919.97998046875
1920.0899658203125,1920.199951171875,1908.5799560546875,1909.9300537109373
1909.8399658203125,1914.9000244140625,1908.3800048828125,1913.010009765625
1912.97998046875,1912.97998046875,1901.199951171875,1902.9200439453125
1902.800048828125,1909.0,1896.0699462890625,1907.18994140625
1908.0,1909.06005859375,1888.719970703125,1892.6500244140625
1892.800048828125,1896.0,1884.510009765625,1889.81005859375
1889.530029296875,1896.050048828125,1884.75,1892.56005859375
1892.530029296875,1913.4000244140625,1892.0999755859373,1912.9000244140625
1925.0,1932.0,1892.4000244140625,1918.199951171875
1918.199951171875,1920.4000244140625,1883.31005859375,1886.699951171875
1886.02001953125,1889.3599853515625,1876.6500244140625,1882.010009765625
1881.18994140625,1896.1500244140625,1873.7900390625,1896.1500244140625
1896.1300048828125,1908.8800048828125,1896.1300048828125,1904.6600341796875
1904.760009765625,1910.56005859375,1900.199951171875,1908.530029296875
1908.300048828125,1912.489990234375,1891.699951171875,1895.2900390625
1896.550048828125,1917.9300537109373,1895.1300048828125,1914.43994140625
1914.9000244140625,1917.489990234375,1907.8800048828125,1908.5
1908.5999755859373,1912.6199951171875,1905.199951171875,1907.5400390625
1908.0999755859373,1908.1800537109373,1899.1099853515625,1899.3199462890625
1899.5899658203125,1906.8599853515625,1897.699951171875,1903.800048828125
1903.5999755859373,1904.0999755859373,1896.8299560546875,1898.5999755859373
1898.5999755859373,1905.25,1897.6400146484373,1900.4599609375
1900.989990234375,1914.969970703125,1897.9100341796875,1912.5999755859373
1912.699951171875,1921.0,1911.6099853515625,1915.489990234375
1915.489990234375,1919.280029296875,1914.3499755859373,1915.9100341796875
1916.0799560546875,1923.5,1914.1300048828125,1920.550048828125
1921.77001953125,1924.4300537109373,1917.47998046875,1922.8900146484373
1923.0400390625,1933.8699951171875,1914.8499755859373,1927.8900146484373
1927.4200439453125,1928.1300048828125,1912.0999755859373,1915.6800537109373
1916.1199951171875,1922.1400146484373,1912.3599853515625,1916.699951171875
1917.22998046875,1923.739990234375,1913.81005859375,1917.3399658203125
1917.300048828125,1923.4100341796875,1914.3499755859373,1918.6700439453125
1918.8199462890625,1920.68994140625,1912.9599609375,1914.260009765625
1914.239990234375,1927.47998046875,1913.97998046875,1922.0799560546875
1921.8499755859373,1925.449951171875,1918.3299560546875,1919.56005859375
1919.780029296875,1922.800048828125,1915.6800537109373,1916.8900146484373
1916.1600341796875,1931.510009765625,1914.56005859375,1924.1199951171875
1923.8499755859373,1934.989990234375,1916.3599853515625,1916.8199462890625
1917.3199462890625,1920.6600341796875,1913.5,1914.93994140625
1916.0,1934.0,1905.9300537109373,1908.4000244140625
1907.8399658203125,1910.489990234375,1899.8499755859373,1902.1800537109373
1902.1800537109373,1909.6500244140625,1898.219970703125,1906.81005859375
1906.800048828125,1907.5,1901.4000244140625,1903.9200439453125
1904.010009765625,1907.3699951171875,1899.52001953125,1904.4000244140625
1904.27001953125,1908.9599609375,1898.31005859375,1900.8199462890625
1900.0,1900.6800537109373,1883.6400146484373,1888.1800537109373
1887.47998046875,1891.43994140625,1885.93994140625,1888.6400146484373
1888.780029296875,1889.510009765625,1879.7099609375,1881.949951171875
1881.5,1888.1600341796875,1876.0,1885.1199951171875
1885.6700439453125,1887.93994140625,1880.550048828125,1882.5999755859373
1882.8900146484373,1882.8900146484373,1871.530029296875,1880.550048828125
1880.8499755859373,1888.510009765625,1862.6099853515625,1864.72998046875
1864.1500244140625,1867.4000244140625,1847.219970703125,1857.530029296875
1855.800048828125,1863.9000244140625,1852.0999755859373,1860.56005859375
1860.68994140625,1865.0,1859.0400390625,1862.6300048828125
1862.5400390625,1876.1199951171875,1861.3699951171875,1873.1400146484373
1873.0699462890625,1874.97998046875,1863.0799560546875,1869.8599853515625
1869.6600341796875,1872.3299560546875,1863.43994140625,1866.3199462890625
1865.97998046875,1868.6300048828125,1859.550048828125,1860.4000244140625
1860.1300048828125,1862.8900146484373,1857.3199462890625,1860.0
1860.199951171875,1863.760009765625,1856.9599609375,1859.6300048828125
1859.8499755859373,1863.02001953125,1859.18994140625,1860.5999755859373
1860.9000244140625,1865.6600341796875,1860.4200439453125,1862.8599853515625
1862.8699951171875,1865.5999755859373,1862.8699951171875,1865.1600341796875
1865.1500244140625,1868.199951171875,1864.9200439453125,1866.5
1866.4200439453125,1868.1199951171875,1864.8399658203125,1868.0799560546875
1868.0999755859373,1868.7900390625,1866.1800537109373,1867.9100341796875
1867.9000244140625,1869.280029296875,1863.5799560546875,1865.5799560546875
1865.5799560546875,1869.0999755859373,1864.68994140625,1868.8900146484373
1868.5999755859373,1870.0799560546875,1866.5999755859373,1867.6800537109373
1867.800048828125,1868.3900146484373,1865.800048828125,1867.5999755859373
1867.6300048828125,1868.989990234375,1865.9300537109373,1866.199951171875
1867.300048828125,1867.3399658203125,1861.4100341796875,1865.5799560546875
1865.31005859375,1866.050048828125,1864.1300048828125,1865.18994140625
1866.1600341796875,1868.0999755859373,1865.3499755859373,1867.219970703125
1867.0,1867.780029296875,1865.969970703125,1867.4100341796875
1867.780029296875,1873.43994140625,1867.489990234375,1873.4100341796875
1873.280029296875,1873.699951171875,1868.43994140625,1868.43994140625
1868.260009765625,1871.7099609375,1864.7900390625,1867.18994140625
1867.1199951171875,1868.5999755859373,1856.300048828125,1860.469970703125
1860.239990234375,1861.31005859375,1820.8900146484373,1835.300048828125
1834.5999755859373,1838.6500244140625,1832.4599609375,1835.550048828125
1835.3199462890625,1838.6199951171875,1831.7099609375,1836.6800537109373
1836.5799560546875,1844.1600341796875,1835.1099853515625,1844.030029296875
1844.75,1847.489990234375,1842.93994140625,1845.5
1845.949951171875,1847.300048828125,1841.6099853515625,1843.1600341796875
1843.2099609375,1847.699951171875,1842.010009765625,1844.9599609375
1845.4000244140625,1857.31005859375,1845.199951171875,1855.1099853515625
1855.1800537109373,1881.5699462890625,1854.3599853515625,1875.0
1875.31005859375,1878.699951171875,1872.699951171875,1875.56005859375
1875.72998046875,1880.199951171875,1875.72998046875,1879.2099609375
1879.010009765625,1880.739990234375,1873.3699951171875,1874.56005859375
1874.5999755859373,1876.800048828125,1873.1199951171875,1875.6500244140625
1875.550048828125,1876.8599853515625,1873.699951171875,1874.050048828125
1874.219970703125,1877.0,1865.1700439453125,1866.2099609375
1866.3399658203125,1871.1400146484373,1861.0,1869.1099853515625
1868.8800048828125,1869.3199462890625,1863.56005859375,1866.8499755859373
1866.8299560546875,1867.7900390625,1847.75,1850.800048828125
1851.4000244140625,1858.4000244140625,1851.1700439453125,1855.3900146484373
1854.760009765625,1856.199951171875,1851.0,1853.1300048828125
1852.8499755859373,1856.9200439453125,1850.4599609375,1853.02001953125
1853.06005859375,1859.9599609375,1851.9599609375,1856.989990234375
1857.1800537109373,1863.8299560546875,1853.9599609375,1861.31005859375
1861.22998046875,1868.3699951171875,1860.4200439453125,1866.800048828125
1866.739990234375,1884.22998046875,1866.3900146484373,1873.719970703125
1873.6300048828125,1881.760009765625,1872.7099609375,1880.06005859375
1880.0799560546875,1883.550048828125,1877.68994140625,1881.699951171875
1881.81005859375,1896.1800537109373,1880.1199951171875,1888.3900146484373
1890.93994140625,1895.8499755859373,1879.1500244140625,1879.9100341796875
1879.6099853515625,1883.4000244140625,1874.300048828125,1883.3499755859373
1883.1700439453125,1883.800048828125,1869.6600341796875,1872.0999755859373
1871.0,1873.3299560546875,1863.6099853515625,1864.780029296875
1864.8299560546875,1869.5799560546875,1860.7099609375,1862.050048828125
1861.199951171875,1863.280029296875,1850.3399658203125,1854.739990234375
1854.77001953125,1860.699951171875,1852.4100341796875,1852.5799560546875
1852.719970703125,1858.489990234375,1851.3199462890625,1857.530029296875
1857.56005859375,1858.5699462890625,1844.699951171875,1846.72998046875
1847.0799560546875,1847.68994140625,1838.31005859375,1841.56005859375
1841.2099609375,1843.0999755859373,1827.0,1837.81005859375
1838.0,1851.3800048828125,1836.800048828125,1850.1099853515625
1850.2099609375,1852.1300048828125,1839.4200439453125,1843.6700439453125
1844.0999755859373,1845.3900146484373,1836.0400390625,1837.4000244140625
1837.1199951171875,1843.0,1834.280029296875,1841.22998046875
1841.3299560546875,1857.800048828125,1836.18994140625,1856.9200439453125
1856.719970703125,1871.8699951171875,1849.199951171875,1871.800048828125
1871.9300537109373,1871.9300537109373,1858.4300537109373,1861.260009765625
1861.9000244140625,1870.489990234375,1859.8299560546875,1864.3199462890625
1864.2900390625,1872.6700439453125,1861.6800537109373,1867.1300048828125
1867.1300048828125,1872.2900390625,1864.800048828125,1867.0
1867.550048828125,1874.4000244140625,1866.5899658203125,1868.5699462890625
1868.4599609375,1874.510009765625,1865.2099609375,1867.52001953125
1867.5400390625,1867.68994140625,1861.9300537109373,1861.93994140625
1862.1099853515625,1864.2900390625,1851.3599853515625,1858.6600341796875
1858.6800537109373,1858.8299560546875,1854.4000244140625,1858.6700439453125
1858.9599609375,1861.4300537109373,1847.06005859375,1848.93994140625
1849.2900390625,1867.68994140625,1847.6400146484373,1865.5999755859373
1866.8499755859373,1869.9000244140625,1860.219970703125,1864.3399658203125
1864.31005859375,1865.030029296875,1856.68994140625,1862.4599609375
1862.5999755859373,1872.6800537109373,1860.3399658203125,1866.18994140625
1866.4599609375,1868.3399658203125,1862.3299560546875,1862.6600341796875
1862.6400146484373,1867.050048828125,1853.2099609375,1855.22998046875
1855.219970703125,1862.72998046875,1851.43994140625,1862.010009765625
1862.010009765625,1863.800048828125,1855.0400390625,1855.760009765625
1855.530029296875,1856.6800537109373,1851.449951171875,1856.6700439453125
1856.4000244140625,1870.719970703125,1851.9000244140625,1864.9100341796875
1865.18994140625,1872.8299560546875,1864.2900390625,1870.9000244140625
1870.9300537109373,1879.8199462890625,1866.3499755859373,1873.510009765625
1873.300048828125,1875.7900390625,1857.699951171875,1859.5899658203125
1859.6300048828125,1873.8900146484373,1856.530029296875,1871.1199951171875
1871.6700439453125,1876.1199951171875,1860.2900390625,1871.4100341796875
1871.9000244140625,1871.9000244140625,1864.010009765625,1868.239990234375
1868.780029296875,1876.300048828125,1865.47998046875,1868.050048828125
1868.0400390625,1879.5,1868.0400390625,1873.9000244140625
1873.72998046875,1880.0799560546875,1872.510009765625,1873.52001953125
1873.9000244140625,1878.449951171875,1865.0,1875.199951171875
1875.3499755859373,1875.3499755859373,1870.3299560546875,1870.68994140625
1870.5799560546875,1875.5799560546875,1867.2900390625,1874.18994140625
1874.3499755859373,1879.6099853515625,1867.510009765625,1868.3900146484373
1868.31005859375,1872.0,1862.0999755859373,1862.469970703125
1862.5899658203125,1873.0,1859.81005859375,1871.8800048828125
1872.199951171875,1876.489990234375,1870.989990234375,1872.97998046875
1872.9000244140625,1874.6700439453125,1863.0,1866.1400146484373
1866.1400146484373,1867.989990234375,1863.469970703125,1865.8199462890625
1865.530029296875,1875.77001953125,1865.530029296875,1871.8800048828125
1871.6400146484373,1872.0400390625,1866.5999755859373,1868.25
1868.27001953125,1870.6099853515625,1861.7900390625,1870.6099853515625
1870.93994140625,1872.6700439453125,1866.0799560546875,1868.0899658203125
1868.0999755859373,1873.0699462890625,1867.02001953125,1870.3299560546875
1870.3299560546875,1874.31005859375,1864.6099853515625,1866.719970703125
1866.56005859375,1869.4100341796875,1865.75,1867.1099853515625
1866.93994140625,1883.18994140625,1865.6199951171875,1874.5699462890625
1875.3299560546875,1878.030029296875,1854.31005859375,1878.030029296875
1876.7900390625,1881.0,1867.68994140625,1874.510009765625
1874.530029296875,1881.510009765625,1871.3199462890625,1872.4100341796875
1872.280029296875,1895.06005859375,1872.06005859375,1893.949951171875
1894.43994140625,1915.81005859375,1889.4000244140625,1914.5
1914.5,1926.0999755859373,1912.280029296875,1916.760009765625
1915.81005859375,1919.75,1914.0899658203125,1915.6199951171875
1916.25,1923.1600341796875,1915.25,1915.56005859375
1915.6400146484373,1915.8900146484373,1905.3299560546875,1906.9200439453125
1907.280029296875,1911.75,1904.989990234375,1905.27001953125
1905.199951171875,1910.4300537109373,1903.0,1907.2900390625
1907.75,1911.969970703125,1905.550048828125,1908.550048828125
1908.3699951171875,1909.4599609375,1901.27001953125,1904.93994140625
1904.280029296875,1909.0,1893.2900390625,1897.4100341796875
1897.4000244140625,1897.56005859375,1893.5400390625,1897.219970703125
1896.8499755859373,1906.550048828125,1893.9599609375,1906.0899658203125
1906.2099609375,1916.8199462890625,1905.5999755859373,1912.469970703125
1911.8800048828125,1912.9200439453125,1907.6600341796875,1911.6700439453125
1911.6800537109373,1913.199951171875,1905.3499755859373,1907.1199951171875
1907.969970703125,1917.1700439453125,1906.8399658203125,1914.199951171875
1914.260009765625,1914.75,1902.9100341796875,1905.6600341796875
1905.6600341796875,1905.6600341796875,1899.469970703125,1900.739990234375
1900.52001953125,1907.3399658203125,1894.8399658203125,1905.8399658203125
1905.8199462890625,1905.969970703125,1896.43994140625,1896.75
1896.8199462890625,1909.199951171875,1890.52001953125,1905.8399658203125
1905.6500244140625,1916.1600341796875,1901.9100341796875,1913.239990234375
1913.530029296875,1918.1099853515625,1909.050048828125,1909.1099853515625
1909.6199951171875,1914.760009765625,1906.93994140625,1914.010009765625
1914.510009765625,1916.72998046875,1908.800048828125,1912.43994140625
1912.52001953125,1912.5999755859373,1902.43994140625,1904.4300537109373
1904.800048828125,1910.0,1904.239990234375,1908.5699462890625
1908.699951171875,1909.5,1904.4300537109373,1905.6600341796875
1905.6500244140625,1908.0,1904.3299560546875,1904.5799560546875
1904.800048828125,1906.0,1900.8900146484373,1903.719970703125
1903.3299560546875,1904.3699951171875,1897.1300048828125,1902.4200439453125
1902.030029296875,1903.800048828125,1898.18994140625,1902.18994140625
1902.2900390625,1905.8199462890625,1897.52001953125,1901.780029296875
1901.4000244140625,1906.8599853515625,1896.510009765625,1900.97998046875
1900.8499755859373,1902.1300048828125,1895.1300048828125,1895.6800537109373
1895.280029296875,1899.0999755859373,1892.72998046875,1895.6500244140625
1895.6500244140625,1900.739990234375,1893.8699951171875,1899.9200439453125
1899.7099609375,1906.06005859375,1898.5999755859373,1903.0400390625
1902.800048828125,1905.780029296875,1900.9300537109373,1900.9300537109373
1900.4599609375,1912.4000244140625,1900.4599609375,1909.3599853515625
1909.27001953125,1916.260009765625,1909.0,1911.7900390625
1912.300048828125,1914.4599609375,1911.2900390625,1911.4300537109373
1911.4200439453125,1919.449951171875,1911.4200439453125,1914.8900146484373
1914.9000244140625,1938.8800048828125,1914.9000244140625,1930.989990234375
1931.4000244140625,1933.5,1920.3599853515625,1921.9000244140625
1922.18994140625,1925.2099609375,1909.4300537109373,1912.1099853515625
1911.760009765625,1919.68994140625,1911.3499755859373,1916.5899658203125
1917.0799560546875,1923.8699951171875,1908.0899658203125,1908.0899658203125
1908.1600341796875,1911.6700439453125,1904.6600341796875,1911.2099609375
1911.010009765625,1914.2900390625,1904.8599853515625,1908.8399658203125
1909.3299560546875,1919.27001953125,1908.97998046875,1917.8399658203125
1918.1800537109373,1919.3800048828125,1913.2900390625,1913.8599853515625
1913.7099609375,1919.0,1911.4000244140625,1915.489990234375
1915.0999755859373,1915.6400146484373,1912.989990234375,1913.989990234375
1913.989990234375,1915.3299560546875,1913.02001953125,1913.1500244140625
1913.1600341796875,1914.06005859375,1911.5899658203125,1913.5699462890625
1913.3299560546875,1915.2900390625,1913.280029296875,1913.719970703125
1913.719970703125,1913.8299560546875,1911.6300048828125,1912.4599609375
1912.489990234375,1918.3900146484373,1912.489990234375,1917.1099853515625
1917.1099853515625,1918.52001953125,1915.2099609375,1916.2099609375
1916.1800537109373,1917.949951171875,1914.81005859375,1916.5699462890625
1916.739990234375,1917.0999755859373,1915.3299560546875,1915.550048828125
1915.760009765625,1915.969970703125,1913.2099609375,1914.27001953125
1914.260009765625,1916.9000244140625,1913.6700439453125,1915.8800048828125
1915.989990234375,1921.8499755859373,1915.0999755859373,1917.719970703125
1917.72998046875,1921.6600341796875,1917.719970703125,1919.989990234375
1920.0,1921.3299560546875,1918.199951171875,1919.6099853515625
1919.6099853515625,1921.0,1917.6099853515625,1918.0999755859373
1918.1800537109373,1919.530029296875,1917.3900146484373,1918.949951171875
1918.9000244140625,1924.8399658203125,1918.9000244140625,1922.5999755859373
1922.6500244140625,1923.2900390625,1920.239990234375,1921.239990234375
1921.22998046875,1923.5899658203125,1920.4300537109373,1921.4200439453125
1921.510009765625,1924.8900146484373,1920.9100341796875,1922.47998046875
1922.47998046875,1922.47998046875,1918.52001953125,1920.1099853515625
1920.0999755859373,1920.280029296875,1918.4000244140625,1919.1600341796875
1918.6099853515625,1919.9100341796875,1918.4100341796875,1918.8399658203125
1918.77001953125,1920.989990234375,1918.6300048828125,1919.239990234375
1919.719970703125,1919.9100341796875,1915.3199462890625,1915.43994140625
1914.9300537109373,1917.4300537109373,1913.3499755859373,1915.4200439453125
1915.3800048828125,1917.06005859375,1914.9200439453125,1916.510009765625
1916.199951171875,1918.6199951171875,1911.9000244140625,1914.739990234375
1914.6500244140625,1915.31005859375,1912.3399658203125,1913.4599609375
1913.1600341796875,1913.4100341796875,1911.300048828125,1912.699951171875
1912.699951171875,1914.260009765625,1911.52001953125,1911.8399658203125
1911.7900390625,1913.699951171875,1911.68994140625,1913.1500244140625
1913.1500244140625,1918.02001953125,1912.72998046875,1917.7099609375
1917.6700439453125,1917.9000244140625,1915.5899658203125,1917.5
1917.6199951171875,1923.4000244140625,1912.8299560546875,1914.47998046875
1914.300048828125,1919.9000244140625,1912.010009765625,1919.8299560546875
1919.8399658203125,1921.0999755859373,1918.199951171875,1918.719970703125
1918.800048828125,1919.8599853515625,1917.1199951171875,1917.9300537109373
1917.97998046875,1917.989990234375,1915.280029296875,1916.27001953125
1916.280029296875,1924.280029296875,1916.280029296875,1921.989990234375
1921.989990234375,1924.8900146484373,1921.1700439453125,1923.489990234375
1923.6700439453125,1925.0,1922.7099609375,1924.6400146484373
1924.8299560546875,1924.93994140625,1920.2099609375,1922.719970703125
1922.699951171875,1923.760009765625,1921.6700439453125,1921.6700439453125
1921.6700439453125,1922.5699462890625,1919.1800537109373,1920.0999755859373
1920.1300048828125,1921.22998046875,1919.81005859375,1920.5799560546875
1920.5699462890625,1920.9300537109373,1916.7099609375,1919.780029296875
1919.7900390625,1924.93994140625,1918.5999755859373,1923.219970703125
1923.9599609375,1935.9000244140625,1914.0,1918.280029296875
1917.800048828125,1919.0899658203125,1906.4100341796875,1909.0899658203125
1908.3499755859373,1924.8800048828125,1904.5999755859373,1911.0699462890625
1911.31005859375,1929.199951171875,1906.530029296875,1923.9200439453125
1924.68994140625,1924.800048828125,1911.31005859375,1920.9000244140625
1922.5899658203125,1923.0,1912.1500244140625,1915.8399658203125
1915.510009765625,1919.47998046875,1911.3599853515625,1914.1199951171875
1913.760009765625,1923.510009765625,1913.760009765625,1921.6300048828125
1922.239990234375,1927.5899658203125,1921.6500244140625,1926.489990234375
1927.0,1929.27001953125,1923.239990234375,1923.97998046875
1923.969970703125,1928.2099609375,1921.760009765625,1925.199951171875
1924.800048828125,1925.56005859375,1914.4000244140625,1914.9000244140625
1914.7099609375,1919.1199951171875,1914.3199462890625,1915.989990234375
1916.06005859375,1919.300048828125,1912.9599609375,1918.5
1918.489990234375,1921.4200439453125,1903.5400390625,1904.6400146484373
1904.0400390625,1908.81005859375,1892.969970703125,1895.699951171875
1895.1099853515625,1900.5999755859373,1890.25,1891.6199951171875
1890.3499755859373,1890.530029296875,1870.030029296875,1875.02001953125
1874.27001953125,1877.0999755859373,1867.010009765625,1870.3399658203125
1870.3399658203125,1875.489990234375,1866.800048828125,1871.8699951171875
1871.949951171875,1873.260009765625,1866.199951171875,1870.7099609375
1870.739990234375,1878.8199462890625,1870.739990234375,1876.6400146484373
1876.280029296875,1879.4100341796875,1875.550048828125,1877.81005859375
1877.72998046875,1877.72998046875,1871.8800048828125,1872.5400390625
1873.1199951171875,1876.449951171875,1870.3299560546875,1874.530029296875
1874.489990234375,1874.530029296875,1868.4599609375,1871.260009765625
1871.3399658203125,1874.280029296875,1869.25,1873.510009765625
1873.300048828125,1876.8599853515625,1871.449951171875,1876.1500244140625
1876.1500244140625,1877.3299560546875,1875.4200439453125,1876.8199462890625
1876.8299560546875,1880.010009765625,1876.8199462890625,1879.0799560546875
1879.0899658203125,1880.1700439453125,1874.4300537109373,1874.4300537109373
1874.18994140625,1875.280029296875,1870.02001953125,1872.1400146484373
1872.0699462890625,1873.2900390625,1869.56005859375,1872.5
1872.510009765625,1877.489990234375,1868.9000244140625,1876.010009765625
1876.1800537109373,1878.6300048828125,1873.8299560546875,1877.5799560546875
1877.5699462890625,1883.7900390625,1875.5999755859373,1883.7900390625
1883.4300537109373,1887.0400390625,1881.510009765625,1884.6099853515625
1885.219970703125,1893.97998046875,1884.7099609375,1891.4200439453125
1891.800048828125,1895.9200439453125,1885.6600341796875,1886.3199462890625
1886.0,1890.6300048828125,1882.0400390625,1888.31005859375
1888.0999755859373,1889.7900390625,1868.56005859375,1871.8599853515625
1871.8900146484373,1875.989990234375,1853.199951171875,1861.199951171875
1861.199951171875,1865.5899658203125,1858.25,1863.18994140625
1863.469970703125,1866.1199951171875,1861.0799560546875,1862.739990234375
1862.6099853515625,1864.93994140625,1859.31005859375,1864.3900146484373
1864.4200439453125,1882.43994140625,1861.050048828125,1879.68994140625
1880.5999755859373,1883.8800048828125,1876.8900146484373,1880.47998046875
1880.3299560546875,1883.6300048828125,1878.6700439453125,1883.0
1883.199951171875,1885.6600341796875,1877.800048828125,1880.6300048828125
1880.4000244140625,1882.75,1877.219970703125,1880.719970703125
1880.6099853515625,1881.8699951171875,1878.9200439453125,1880.760009765625
1880.800048828125,1884.9599609375,1879.52001953125,1882.9200439453125
1883.5,1886.260009765625,1881.7900390625,1882.77001953125
1882.81005859375,1885.6400146484373,1881.0799560546875,1884.9599609375
1885.1300048828125,1891.3599853515625,1883.6400146484373,1887.800048828125
1887.800048828125,1890.8199462890625,1885.02001953125,1890.199951171875
1889.949951171875,1889.949951171875,1883.6800537109373,1885.9000244140625
1886.25,1890.0799560546875,1884.6800537109373,1890.010009765625
1889.8900146484373,1894.31005859375,1888.9100341796875,1889.1199951171875
1889.1099853515625,1907.800048828125,1888.1500244140625,1904.1500244140625
1904.6300048828125,1913.2900390625,1904.199951171875,1907.5
1907.47998046875,1914.3599853515625,1905.8399658203125,1913.9100341796875
1914.6199951171875,1921.9300537109373,1903.989990234375,1909.8299560546875
1909.8699951171875,1910.43994140625,1898.6600341796875,1899.5400390625
1898.989990234375,1901.9000244140625,1883.47998046875,1884.969970703125
1885.72998046875,1894.3900146484373,1882.9599609375,1890.699951171875
1890.4599609375,1893.8499755859373,1887.25,1888.81005859375
1888.8399658203125,1889.8800048828125,1883.260009765625,1886.02001953125
1885.56005859375,1889.02001953125,1883.3499755859373,1883.449951171875
1883.0,1884.780029296875,1875.760009765625,1877.1700439453125
1877.06005859375,1885.489990234375,1875.8900146484373,1884.5999755859373
1884.5899658203125,1887.2099609375,1872.6400146484373,1876.0400390625
1875.3299560546875,1879.31005859375,1873.780029296875,1876.550048828125
1876.4200439453125,1878.3299560546875,1873.0799560546875,1877.6800537109373
1877.530029296875,1882.800048828125,1875.4000244140625,1878.260009765625
1878.1199951171875,1880.93994140625,1873.31005859375,1876.1400146484373
1875.9599609375,1881.18994140625,1871.3599853515625,1879.989990234375
1879.8699951171875,1886.780029296875,1879.530029296875,1885.5699462890625
1885.68994140625,1892.68994140625,1883.4200439453125,1890.3299560546875
1890.25,1897.800048828125,1889.77001953125,1893.9100341796875
1893.9100341796875,1896.8199462890625,1890.22998046875,1896.8199462890625
1896.8900146484373,1896.8900146484373,1893.449951171875,1893.8699951171875
1894.0,1895.4000244140625,1886.760009765625,1888.2900390625
1888.300048828125,1888.9100341796875,1879.6800537109373,1887.77001953125
1888.3900146484373,1888.3900146484373,1880.199951171875,1881.0699462890625
1880.780029296875,1881.6400146484373,1873.4100341796875,1878.3499755859373
1878.1199951171875,1887.8900146484373,1877.0400390625,1887.0400390625
1887.47998046875,1893.68994140625,1884.989990234375,1888.3900146484373
1888.550048828125,1895.469970703125,1886.5799560546875,1891.2099609375
1891.800048828125,1894.260009765625,1878.3900146484373,1878.3900146484373
1878.9100341796875,1883.1300048828125,1861.9100341796875,1872.6600341796875
1872.9000244140625,1878.97998046875,1871.699951171875,1874.9300537109373
1875.0400390625,1885.300048828125,1874.6199951171875,1883.5699462890625
1883.8699951171875,1890.7900390625,1883.199951171875,1885.31005859375
1885.75,1887.760009765625,1883.530029296875,1884.4200439453125
1884.0699462890625,1887.6400146484373,1883.97998046875,1886.97998046875
1887.2900390625,1891.050048828125,1886.760009765625,1887.72998046875
1887.8299560546875,1887.8299560546875,1882.9000244140625,1884.6099853515625
1884.8299560546875,1887.780029296875,1882.0999755859373,1887.6600341796875
1887.739990234375,1888.510009765625,1883.1199951171875,1887.81005859375
1887.8299560546875,1889.489990234375,1884.280029296875,1884.8299560546875
1884.780029296875,1887.4200439453125,1880.72998046875,1881.260009765625
1881.0,1886.1400146484373,1880.3699951171875,1882.97998046875
1882.97998046875,1883.780029296875,1878.6700439453125,1882.0899658203125
1882.2099609375,1882.2099609375,1870.93994140625,1870.93994140625
1870.9300537109373,1876.3299560546875,1870.4300537109373,1871.1800537109373
1871.25,1876.219970703125,1867.43994140625,1876.1400146484373
1876.8499755859373,1876.8499755859373,1869.199951171875,1871.06005859375
1870.739990234375,1876.0799560546875,1870.3699951171875,1873.93994140625
1873.8199462890625,1878.8399658203125,1872.8599853515625,1876.31005859375
1876.5,1877.469970703125,1870.8900146484373,1871.22998046875
1871.6500244140625,1871.800048828125,1864.52001953125,1867.3199462890625
1867.550048828125,1871.3900146484373,1862.18994140625,1864.9300537109373
1864.9100341796875,1882.6400146484373,1864.18994140625,1879.239990234375
1879.2099609375,1886.1300048828125,1877.31005859375,1883.3699951171875
1883.6400146484373,1885.8299560546875,1874.6300048828125,1876.6300048828125
1876.6600341796875,1877.0400390625,1871.699951171875,1873.6300048828125
1873.530029296875,1880.2900390625,1871.6800537109373,1878.9200439453125
1879.2900390625,1879.9000244140625,1876.8699951171875,1878.56005859375
1878.5699462890625,1879.449951171875,1875.5,1877.530029296875
1877.3199462890625,1879.1800537109373,1874.5,1877.8800048828125
1877.8599853515625,1880.8599853515625,1876.9100341796875,1880.4100341796875
1880.5,1881.719970703125,1879.8399658203125,1880.68994140625
1880.6800537109373,1882.97998046875,1879.27001953125,1882.260009765625
1882.2900390625,1884.0699462890625,1882.239990234375,1883.1199951171875
1883.25,1884.8399658203125,1880.8599853515625,1880.8900146484373
1881.1800537109373,1883.7900390625,1881.0799560546875,1882.5799560546875
1882.4300537109373,1883.25,1877.739990234375,1878.9599609375
1879.06005859375,1881.719970703125,1878.0899658203125,1880.3599853515625
1880.3299560546875,1880.7900390625,1878.219970703125,1878.56005859375
1878.510009765625,1879.7099609375,1874.7099609375,1875.0999755859373
1875.3299560546875,1879.239990234375,1873.77001953125,1878.4100341796875
1878.5999755859373,1879.449951171875,1876.22998046875,1879.1600341796875
1878.949951171875,1879.4000244140625,1877.1700439453125,1877.2900390625
1877.1400146484373,1881.780029296875,1876.2099609375,1881.56005859375
1881.260009765625,1882.8399658203125,1880.2900390625,1881.5
1881.5,1882.6099853515625,1879.43994140625,1881.47998046875
1881.3699951171875,1883.8900146484373,1880.949951171875,1882.8900146484373
1883.010009765625,1883.81005859375,1881.72998046875,1883.0899658203125
1882.8499755859373,1884.3699951171875,1880.9599609375,1882.4000244140625
1882.4100341796875,1883.7900390625,1880.56005859375,1880.8699951171875
1880.800048828125,1882.8800048828125,1880.6400146484373,1882.3599853515625
1882.3599853515625,1882.530029296875,1880.719970703125,1881.3299560546875
1881.31005859375,1883.6400146484373,1881.31005859375,1883.1300048828125
1883.1400146484373,1883.77001953125,1882.239990234375,1882.5799560546875
1882.6800537109373,1882.75,1880.0,1880.9599609375
1880.8800048828125,1881.510009765625,1879.81005859375,1880.6500244140625
1880.22998046875,1880.3800048828125,1875.1700439453125,1878.6199951171875
1878.3800048828125,1883.1600341796875,1877.0999755859373,1881.7900390625
1881.8800048828125,1882.3199462890625,1880.8900146484373,1881.010009765625
1881.02001953125,1882.6800537109373,1879.0,1879.949951171875
1879.9000244140625,1880.1800537109373,1877.5899658203125,1878.1199951171875
1878.18994140625,1879.81005859375,1877.010009765625,1878.6600341796875
1878.6600341796875,1879.8599853515625,1877.949951171875,1879.300048828125
1879.300048828125,1879.5999755859373,1878.4000244140625,1878.8299560546875
1878.9200439453125,1880.27001953125,1877.1400146484373,1878.1400146484373
1878.1400146484373,1879.1300048828125,1877.6300048828125,1878.760009765625
1878.760009765625,1879.1300048828125,1877.9100341796875,1878.9100341796875
1878.9000244140625,1878.9000244140625,1877.3499755859373,1877.75
1877.760009765625,1879.9100341796875,1877.75,1879.9100341796875
1879.9200439453125,1882.510009765625,1879.9200439453125,1881.3800048828125
1881.5699462890625,1882.969970703125,1880.6400146484373,1882.010009765625
1882.02001953125,1889.989990234375,1882.02001953125,1887.5899658203125
1888.199951171875,1888.56005859375,1882.0899658203125,1883.1199951171875
1883.3800048828125,1884.449951171875,1880.760009765625,1883.68994140625
1883.699951171875,1886.8900146484373,1882.7099609375,1884.1500244140625
1884.3199462890625,1885.5899658203125,1879.7099609375,1880.0999755859373
1879.699951171875,1881.1400146484373,1868.6500244140625,1873.719970703125
1873.260009765625,1876.1400146484373,1867.3199462890625,1874.0799560546875
1873.3499755859373,1875.6099853515625,1871.510009765625,1874.1300048828125
1874.0999755859373,1877.93994140625,1870.6099853515625,1876.77001953125
1876.3199462890625,1895.25,1876.3199462890625,1889.52001953125
1890.9000244140625,1904.77001953125,1886.68994140625,1900.4000244140625
1901.9300537109373,1902.06005859375,1896.02001953125,1899.06005859375
1899.3599853515625,1902.9599609375,1899.3599853515625,1901.780029296875
1901.6199951171875,1902.260009765625,1896.4100341796875,1897.7900390625
1897.7900390625,1910.199951171875,1896.1400146484373,1905.1400146484373
1905.81005859375,1905.81005859375,1899.0999755859373,1899.1400146484373
1899.25,1899.9599609375,1889.68994140625,1892.3699951171875
1892.3900146484373,1895.4599609375,1891.1700439453125,1891.969970703125
1891.9200439453125,1907.2900390625,1890.0899658203125,1905.0400390625
1904.8800048828125,1906.6500244140625,1902.0799560546875,1902.7099609375
1902.7900390625,1904.760009765625,1895.06005859375,1896.93994140625
1896.949951171875,1906.6099853515625,1893.8800048828125,1902.8699951171875
1903.010009765625,1908.77001953125,1896.300048828125,1907.699951171875
1907.6700439453125,1913.5899658203125,1902.9000244140625,1911.4599609375
1912.1300048828125,1912.1300048828125,1903.760009765625,1905.3599853515625
1905.4100341796875,1912.6700439453125,1902.949951171875,1907.1800537109373
1907.02001953125,1911.1500244140625,1905.5999755859373,1908.4100341796875
1907.9599609375,1909.4000244140625,1904.989990234375,1905.6300048828125
1905.8699951171875,1908.9599609375,1903.27001953125,1904.8800048828125
1905.1800537109373,1907.22998046875,1904.3299560546875,1904.75
1905.2900390625,1906.47998046875,1901.9100341796875,1902.760009765625
1902.9599609375,1917.06005859375,1902.280029296875,1911.93994140625
1912.510009765625,1912.800048828125,1907.1500244140625,1908.0799560546875
1908.3599853515625,1908.6500244140625,1898.1700439453125,1899.9000244140625
1899.4300537109373,1901.9300537109373,1888.010009765625,1891.3900146484373
1891.4200439453125,1893.8299560546875,1884.3399658203125,1892.8900146484373
1892.6600341796875,1895.81005859375,1889.6800537109373,1894.77001953125
1894.5899658203125,1896.9100341796875,1891.0400390625,1893.9000244140625
1893.719970703125,1905.1700439453125,1891.6800537109373,1901.3299560546875
1901.22998046875,1901.6099853515625,1895.5999755859373,1896.93994140625
1896.8599853515625,1900.02001953125,1892.1199951171875,1898.3800048828125
1897.72998046875,1898.0899658203125,1893.510009765625,1894.800048828125
1894.97998046875,1897.0999755859373,1893.2900390625,1896.0899658203125
1895.56005859375,1903.8199462890625,1895.56005859375,1901.2099609375
1901.1099853515625,1902.0,1897.3199462890625,1897.6500244140625
1897.199951171875,1898.280029296875,1892.0699462890625,1896.0
1896.4599609375,1922.1199951171875,1895.47998046875,1909.75
1910.0999755859373,1918.260009765625,1907.0999755859373,1916.469970703125
1916.97998046875,1921.489990234375,1911.5999755859373,1917.3800048828125
1917.5,1917.5,1910.1300048828125,1910.22998046875
1909.760009765625,1916.4599609375,1909.760009765625,1915.31005859375
1915.0,1916.3399658203125,1911.7900390625,1912.199951171875
1912.699951171875,1914.5,1910.3699951171875,1911.52001953125
1911.43994140625,1913.760009765625,1909.8199462890625,1910.969970703125
1910.56005859375,1914.050048828125,1910.4200439453125,1912.239990234375
1911.7099609375,1919.0,1911.699951171875,1916.739990234375
1916.739990234375,1917.93994140625,1910.8299560546875,1912.2099609375
1912.030029296875,1916.800048828125,1910.8399658203125,1912.280029296875
1912.010009765625,1912.550048828125,1905.969970703125,1906.280029296875
1906.300048828125,1913.9599609375,1904.8900146484373,1910.4100341796875
1910.4100341796875,1913.0799560546875,1908.5899658203125,1909.1099853515625
1909.0799560546875,1912.52001953125,1908.3499755859373,1908.699951171875
1909.4100341796875,1916.1300048828125,1904.81005859375,1916.0899658203125
1916.6700439453125,1919.77001953125,1913.9000244140625,1914.4599609375
1914.300048828125,1928.3900146484373,1913.6300048828125,1920.0999755859373
1920.239990234375,1922.47998046875,1916.43994140625,1917.6300048828125
1917.6199951171875,1918.800048828125,1915.739990234375,1918.510009765625
1918.27001953125,1924.8399658203125,1918.1600341796875,1921.550048828125
1921.5400390625,1941.1800537109373,1920.8499755859373,1935.699951171875
1935.6099853515625,1939.4200439453125,1927.0,1931.31005859375
1932.1099853515625,1976.719970703125,1931.550048828125,1968.5999755859373
1971.0999755859373,2104.6298828125,1966.1300048828125,2085.35009765625
2085.360107421875,2106.429931640625,2081.739990234375,2088.77001953125
2088.969970703125,2091.969970703125,2068.300048828125,2090.6201171875
2091.320068359375,2091.9599609375,2079.0,2091.6201171875
2091.27001953125,2105.260009765625,2088.5,2101.929931640625
2102.580078125,2235.64990234375,2101.43994140625,2218.300048828125
2221.469970703125,2334.14990234375,2216.199951171875,2285.47998046875
2286.1201171875,2289.0400390625,2242.0400390625,2248.820068359375
2249.22998046875,2259.97998046875,2242.3701171875,2252.050048828125
2251.68994140625,2272.6201171875,2250.969970703125,2261.139892578125
2259.75,2269.5400390625,2248.919921875,2265.449951171875
2265.580078125,2269.320068359375,2248.4599609375,2250.780029296875
2250.360107421875,2254.919921875,2221.5400390625,2249.169921875
2249.27001953125,2256.27001953125,2247.25,2248.550048828125
2248.550048828125,2255.1201171875,2242.080078125,2246.75
2246.159912109375,2265.5400390625,2237.510009765625,2261.10009765625
2260.860107421875,2262.1201171875,2243.179931640625,2250.18994140625
2250.199951171875,2284.3701171875,2247.639892578125,2280.0
2280.409912109375,2296.10009765625,2273.800048828125,2276.949951171875
2277.409912109375,2292.949951171875,2274.8798828125,2285.139892578125
2284.739990234375,2317.050048828125,2280.75,2294.820068359375
2295.3701171875,2298.820068359375,2267.56005859375,2288.60009765625
2288.969970703125,2296.199951171875,2256.010009765625,2274.5
2274.60009765625,2287.699951171875,2269.77001953125,2279.909912109375
2280.14990234375,2334.510009765625,2279.97998046875,2325.93994140625
2325.68994140625,2357.889892578125,2313.5400390625,2343.199951171875
2342.5,2349.8798828125,2331.760009765625,2343.52001953125
2343.89990234375,2347.1201171875,2310.2099609375,2315.85009765625
2316.52001953125,2332.340087890625,2311.610107421875,2322.14990234375
2323.780029296875,2330.8701171875,2313.93994140625,2317.909912109375
2317.719970703125,2324.93994140625,2313.010009765625,2318.449951171875
2318.449951171875,2318.800048828125,2307.610107421875,2313.659912109375
2313.6298828125,2337.969970703125,2312.8701171875,2326.35009765625
2326.60009765625,2349.909912109375,2324.72998046875,2340.239990234375
2339.47998046875,2379.0,2337.0,2358.199951171875
2358.85009765625,2363.909912109375,2343.18994140625,2344.669921875
2345.3701171875,2353.5400390625,2337.14990234375,2340.030029296875
2341.18994140625,2354.89990234375,2341.18994140625,2353.030029296875
2353.0,2367.31005859375,2348.889892578125,2367.31005859375
2365.800048828125,2378.010009765625,2354.139892578125,2371.280029296875
2371.260009765625,2396.780029296875,2367.800048828125,2369.7900390625
2371.469970703125,2447.090087890625,2370.409912109375,2444.14990234375
2445.22998046875,2445.22998046875,2376.89990234375,2403.60009765625
2403.39990234375,2411.27001953125,2390.800048828125,2394.969970703125
2396.02001953125,2397.429931640625,2357.18994140625,2369.5
2370.219970703125,2396.14990234375,2364.60009765625,2387.56005859375
2388.39990234375,2405.39990234375,2369.06005859375,2388.260009765625
2386.449951171875,2396.669921875,2369.0,2393.159912109375
2393.590087890625,2407.89990234375,2390.669921875,2392.889892578125
2393.5,2411.97998046875,2383.800048828125,2405.080078125
2405.0400390625,2427.280029296875,2402.10009765625,2423.1201171875
2423.389892578125,2431.169921875,2395.2900390625,2419.6201171875
2420.31005859375,2420.31005859375,2407.02001953125,2413.2099609375
2414.6298828125,2447.409912109375,2408.280029296875,2440.47998046875
2440.330078125,2520.0,2434.56005859375,2513.7099609375
2513.320068359375,2545.659912109375,2507.300048828125,2521.179931640625
2522.830078125,2545.159912109375,2510.0400390625,2516.179931640625
2515.820068359375,2522.60009765625,2492.139892578125,2521.81005859375
2521.85009765625,2528.389892578125,2508.239990234375,2508.239990234375
2507.9599609375,2522.090087890625,2497.260009765625,2515.469970703125
2515.3798828125,2526.43994140625,2512.47998046875,2514.659912109375
2515.030029296875,2529.219970703125,2505.889892578125,2514.81005859375
2513.81005859375,2518.199951171875,2387.93994140625,2440.239990234375
2439.360107421875,2443.389892578125,2413.27001953125,2437.56005859375
2437.199951171875,2447.25,2426.419921875,2432.760009765625
2433.75,2440.780029296875,2412.68994140625,2425.510009765625
2425.5,2428.909912109375,2413.300048828125,2421.68994140625
2421.719970703125,2422.22998046875,2389.9599609375,2412.85009765625
2412.56005859375,2426.72998046875,2405.260009765625,2424.02001953125
2423.77001953125,2437.929931640625,2419.330078125,2431.800048828125
1664.9100341796875,1672.1600341796875,1664.9100341796875,1669.1099853515625
1668.9000244140625,1677.4000244140625,1663.8499755859375,1670.5
1670.8299560546875,1671.530029296875,1661.31005859375,1661.75
1662.5999755859375,1667.52001953125,1656.0,1664.5999755859375
1664.719970703125,1668.739990234375,1656.0899658203125,1666.6600341796875
1667.6700439453125,1676.8699951171875,1665.6700439453125,1672.1500244140625
1672.3199462890625,1674.550048828125,1668.3800048828125,1672.4100341796875
1672.68994140625,1676.0899658203125,1668.6099853515625,1670.6500244140625
1671.02001953125,1673.1600341796875,1666.9200439453125,1671.0400390625
1671.0,1671.199951171875,1663.0999755859375,1664.6600341796875
1664.9000244140625,1665.6800537109375,1660.9100341796875,1661.510009765625
1661.469970703125,1687.02001953125,1653.5699462890625,1676.8800048828125
1677.199951171875,1678.75,1668.4100341796875,1669.3699951171875
1670.010009765625,1670.010009765625,1639.22998046875,1642.6500244140625
1641.9599609375,1653.9300537109375,1636.0,1644.77001953125
1644.5999755859375,1648.6400146484375,1614.699951171875,1616.4100341796875
1614.9599609375,1633.18994140625,1583.0699462890625,1587.719970703125
1587.4100341796875,1595.0999755859375,1551.5899658203125,1558.4100341796875
1559.4100341796875,1581.75,1555.3699951171875,1569.550048828125
1570.6700439453125,1582.4599609375,1564.8599853515625,1581.6300048828125
1581.949951171875,1619.43994140625,1577.300048828125,1611.1099853515625
1611.6400146484375,1619.0899658203125,1603.5999755859375,1618.81005859375
1618.75,1625.3800048828125,1610.9599609375,1612.75
1612.2900390625,1620.5,1610.989990234375,1619.719970703125
1620.1500244140625,1623.5999755859375,1613.989990234375,1616.4000244140625
1616.47998046875,1621.4300537109375,1612.3199462890625,1618.6199951171875
1618.18994140625,1618.800048828125,1612.3499755859375,1618.43994140625
1618.6700439453125,1621.300048828125,1613.6300048828125,1616.8900146484375
1617.1300048828125,1633.489990234375,1614.489990234375,1632.1700439453125
1631.8499755859375,1648.9200439453125,1630.8299560546875,1643.2099609375
1643.550048828125,1656.3399658203125,1641.9200439453125,1651.3399658203125
1651.449951171875,1657.0899658203125,1648.510009765625,1654.56005859375
1654.8299560546875,1656.1800537109375,1648.5799560546875,1649.52001953125
1650.5999755859375,1652.989990234375,1644.1800537109375,1646.1800537109375
1646.199951171875,1647.300048828125,1631.6700439453125,1634.219970703125
1634.5999755859375,1636.510009765625,1625.6800537109375,1630.6700439453125
1630.72998046875,1645.800048828125,1622.52001953125,1632.8900146484375
1633.22998046875,1637.4000244140625,1530.6800537109375,1532.0
1536.8499755859375,1588.550048828125,1536.8499755859375,1565.8199462890625
1565.8199462890625,1570.1800537109375,1542.9000244140625,1567.0
1568.06005859375,1584.68994140625,1555.6500244140625,1559.4300537109375
1560.050048828125,1572.300048828125,1554.9000244140625,1571.9300537109375
1572.6500244140625,1574.9300537109375,1558.4100341796875,1564.4599609375
1565.02001953125,1565.02001953125,1552.6400146484375,1556.0799560546875
1558.050048828125,1567.8800048828125,1554.1500244140625,1557.72998046875
1557.6099853515625,1580.31005859375,1557.4599609375,1578.280029296875
1577.969970703125,1580.719970703125,1564.0999755859375,1567.68994140625
1567.5,1577.1400146484375,1562.1800537109375,1564.8599853515625
1565.4599609375,1569.18994140625,1561.300048828125,1562.1800537109375
1562.1800537109375,1565.97998046875,1553.18994140625,1557.72998046875
1558.4000244140625,1558.4000244140625,1517.3399658203125,1522.06005859375
1522.449951171875,1560.75,1510.0,1555.449951171875
1555.300048828125,1558.5,1545.3499755859375,1547.3900146484375
1548.0,1556.6600341796875,1546.300048828125,1553.27001953125
1552.77001953125,1571.22998046875,1541.7900390625,1568.6600341796875
1568.8800048828125,1583.6199951171875,1568.22998046875,1578.780029296875
1578.8800048828125,1579.949951171875,1561.4000244140625,1564.0999755859375
1564.56005859375,1564.6300048828125,1547.199951171875,1550.77001953125
1550.8800048828125,1553.22998046875,1542.510009765625,1545.93994140625
1545.8900146484375,1552.7099609375,1539.0899658203125,1543.0799560546875
1543.2099609375,1557.97998046875,1525.760009765625,1533.6700439453125
1534.4599609375,1567.4000244140625,1520.4599609375,1566.0899658203125
1566.5400390625,1572.72998046875,1551.31005859375,1557.719970703125
1557.6500244140625,1585.550048828125,1556.9100341796875,1578.0
1578.6099853515625,1589.6099853515625,1570.530029296875,1575.18994140625
1574.3499755859375,1586.280029296875,1574.050048828125,1579.6300048828125
1579.8599853515625,1583.2099609375,1568.3399658203125,1570.3900146484375
1570.56005859375,1581.4000244140625,1567.699951171875,1574.4000244140625
1573.4300537109375,1580.6700439453125,1565.6199951171875,1568.300048828125
1568.239990234375,1576.530029296875,1566.0999755859375,1573.1099853515625
1572.550048828125,1576.8900146484375,1567.260009765625,1575.449951171875
1575.489990234375,1578.43994140625,1572.239990234375,1576.27001953125
1576.4599609375,1579.6800537109375,1569.2099609375,1574.469970703125
1574.5699462890625,1575.3599853515625,1571.8599853515625,1573.6500244140625
1573.699951171875,1584.25,1572.1800537109375,1580.93994140625
1580.1400146484375,1582.510009765625,1576.2099609375,1578.25
1578.3299560546875,1582.8599853515625,1576.5699462890625,1577.1099853515625
1577.1500244140625,1578.77001953125,1574.56005859375,1576.31005859375
1576.239990234375,1581.9300537109375,1572.8199462890625,1580.2099609375
1580.6800537109375,1583.989990234375,1578.0,1583.1400146484375
1583.3399658203125,1583.3399658203125,1579.530029296875,1581.5899658203125
1581.6199951171875,1582.02001953125,1577.1400146484375,1580.3499755859375
1580.219970703125,1582.5799560546875,1579.780029296875,1581.800048828125
1581.7900390625,1582.68994140625,1576.699951171875,1581.4200439453125
1581.2099609375,1583.760009765625,1578.969970703125,1583.260009765625
1583.3800048828125,1590.3900146484375,1582.3499755859375,1589.6800537109375
1589.93994140625,1595.800048828125,1586.9000244140625,1591.8900146484375
1592.0999755859375,1608.030029296875,1591.260009765625,1603.0999755859375
1603.0899658203125,1604.68994140625,1599.1800537109375,1604.4200439453125
1604.300048828125,1604.4000244140625,1587.3900146484375,1588.800048828125
1588.780029296875,1592.1099853515625,1586.6600341796875,1591.1500244140625
1590.8199462890625,1592.6700439453125,1570.969970703125,1575.780029296875
1575.8599853515625,1580.3199462890625,1575.72998046875,1578.780029296875
1579.1099853515625,1582.4599609375,1571.9200439453125,1572.699951171875
1572.699951171875,1577.280029296875,1562.0899658203125,1576.6300048828125
1576.6400146484375,1579.050048828125,1568.43994140625,1571.5999755859375
1571.5899658203125,1575.8199462890625,1570.4200439453125,1572.300048828125
1572.3499755859375,1574.5999755859375,1567.8199462890625,1572.97998046875
1572.969970703125,1577.52001953125,1567.31005859375,1569.7099609375
1570.3199462890625,1574.0999755859375,1570.3199462890625,1572.7900390625
1572.7099609375,1575.0,1568.52001953125,1571.8399658203125
1571.97998046875,1572.1400146484375,1562.219970703125,1566.8699951171875
1566.8399658203125,1568.22998046875,1560.510009765625,1565.56005859375
1565.4000244140625,1574.5,1565.4000244140625,1573.739990234375
1573.5699462890625,1582.989990234375,1571.3399658203125,1579.1400146484375
1579.6099853515625,1583.3800048828125,1576.2099609375,1576.81005859375
1576.72998046875,1579.1199951171875,1570.5999755859375,1574.949951171875
1575.1199951171875,1581.6400146484375,1573.6600341796875,1580.550048828125
1580.5400390625,1585.0799560546875,1575.969970703125,1581.260009765625
1581.030029296875,1581.3800048828125,1572.760009765625,1577.300048828125
1577.530029296875,1583.5699462890625,1575.8900146484375,1579.030029296875
1579.199951171875,1582.9200439453125,1575.0999755859375,1578.550048828125
1578.68994140625,1579.5699462890625,1564.489990234375,1570.5
1570.22998046875,1574.8199462890625,1561.449951171875,1569.8900146484375
1569.52001953125,1572.719970703125,1566.8199462890625,1569.3599853515625
1569.219970703125,1571.949951171875,1554.75,1562.4200439453125
1561.8699951171875,1573.9599609375,1561.8699951171875,1570.72998046875
1570.8499755859375,1571.050048828125,1557.06005859375,1561.4599609375
1561.93994140625,1579.2099609375,1546.030029296875,1554.8499755859375
1554.0400390625,1577.5999755859375,1552.9599609375,1569.4000244140625
1569.510009765625,1572.0799560546875,1550.0699462890625,1571.1400146484375
1570.8599853515625,1571.1800537109375,1557.5899658203125,1566.0799560546875
1565.8499755859375,1576.260009765625,1548.280029296875,1573.760009765625
1574.1700439453125,1585.6400146484375,1574.1700439453125,1582.030029296875
1582.1099853515625,1582.4300537109375,1572.199951171875,1572.9200439453125
1573.47998046875,1580.56005859375,1559.8800048828125,1580.489990234375
1580.9200439453125,1585.9000244140625,1577.1700439453125,1580.4599609375
1580.4599609375,1581.5,1575.3299560546875,1577.8499755859375
1577.75,1579.699951171875,1567.739990234375,1570.5799560546875
1570.5799560546875,1577.6600341796875,1568.4000244140625,1573.9000244140625
1574.0,1584.22998046875,1574.0,1576.219970703125
1576.5999755859375,1578.27001953125,1567.4200439453125,1572.7099609375
1573.0999755859375,1594.25,1564.4300537109375,1573.6800537109375
1574.47998046875,1585.9200439453125,1563.0400390625,1569.260009765625
1569.760009765625,1576.25,1555.1400146484375,1569.760009765625
1569.68994140625,1581.1600341796875,1558.719970703125,1577.550048828125
1577.719970703125,1584.18994140625,1571.1600341796875,1582.6600341796875
1582.5799560546875,1633.5899658203125,1582.5799560546875,1625.5799560546875
1625.3800048828125,1626.5699462890625,1615.949951171875,1618.469970703125
1618.56005859375,1624.81005859375,1614.06005859375,1622.9100341796875
1623.5400390625,1623.9200439453125,1615.010009765625,1615.0899658203125
1615.260009765625,1620.31005859375,1610.550048828125,1617.6500244140625
1617.6500244140625,1619.5,1610.3900146484375,1610.550048828125
1610.3900146484375,1611.6500244140625,1605.530029296875,1610.72998046875
1610.18994140625,1611.8499755859375,1590.2099609375,1592.02001953125
1592.199951171875,1597.5,1586.7099609375,1591.5
1591.5899658203125,1591.6099853515625,1584.0999755859375,1587.8499755859375
1588.280029296875,1593.4200439453125,1583.9000244140625,1584.3199462890625
1584.0799560546875,1588.3199462890625,1576.8900146484375,1585.0999755859375
1585.219970703125,1589.550048828125,1582.469970703125,1589.1400146484375
1589.5,1592.1600341796875,1586.56005859375,1591.449951171875
1590.949951171875,1593.1800537109375,1587.8399658203125,1589.75
1589.75,1591.8499755859375,1576.8599853515625,1581.050048828125
1580.8299560546875,1584.5,1578.93994140625,1582.949951171875
1583.1099853515625,1584.3199462890625,1579.6800537109375,1581.9300537109375
1581.8900146484375,1583.5400390625,1573.469970703125,1575.739990234375
1575.719970703125,1575.719970703125,1550.1300048828125,1550.1300048828125
1550.5400390625,1564.699951171875,1548.1800537109375,1564.5
1564.0799560546875,1575.030029296875,1558.300048828125,1560.47998046875
1560.719970703125,1572.9599609375,1554.47998046875,1562.1700439453125
1562.0799560546875,1572.2900390625,1559.260009765625,1569.6099853515625
1570.0,1574.6800537109375,1566.1500244140625,1568.5799560546875
1568.47998046875,1578.5699462890625,1567.219970703125,1576.8599853515625
1576.1099853515625,1578.8399658203125,1572.81005859375,1578.0999755859375
1576.989990234375,1580.27001953125,1571.4100341796875,1573.4100341796875
1573.4100341796875,1574.43994140625,1567.3599853515625,1568.68994140625
1569.1800537109375,1572.22998046875,1564.18994140625,1564.8800048828125
1565.43994140625,1570.1500244140625,1563.4100341796875,1569.489990234375
1569.6099853515625,1573.8499755859375,1563.760009765625,1572.6199951171875
1572.5999755859375,1583.199951171875,1550.8900146484375,1575.43994140625
1576.0,1586.9100341796875,1571.949951171875,1583.780029296875
1583.780029296875,1595.6199951171875,1579.9200439453125,1592.2900390625
1591.9300537109375,1600.68994140625,1588.3499755859375,1596.81005859375
1596.8599853515625,1598.3900146484375,1588.7099609375,1590.260009765625
1590.47998046875,1590.6600341796875,1569.18994140625,1573.6600341796875
1574.5999755859375,1578.9300537109375,1570.1500244140625,1576.1800537109375
1575.5,1580.02001953125,1566.3499755859375,1580.02001953125
1580.1600341796875,1582.8699951171875,1576.5999755859375,1578.93994140625
1578.8199462890625,1579.260009765625,1569.8499755859375,1571.06005859375
1571.489990234375,1573.510009765625,1565.239990234375,1567.72998046875
1568.719970703125,1569.8299560546875,1563.8499755859375,1567.949951171875
1568.4200439453125,1595.9300537109375,1568.030029296875,1595.9300537109375
1595.5999755859375,1614.5899658203125,1589.550048828125,1599.3199462890625
1599.199951171875,1629.050048828125,1599.199951171875,1618.760009765625
1618.6199951171875,1625.0699462890625,1611.0999755859375,1613.0799560546875
1613.010009765625,1623.260009765625,1605.5400390625,1621.280029296875
1621.3499755859375,1622.760009765625,1610.239990234375,1614.989990234375
1614.9599609375,1622.469970703125,1613.0999755859375,1616.0
1616.0999755859375,1618.4000244140625,1608.5999755859375,1616.219970703125
1616.2099609375,1634.56005859375,1615.9200439453125,1630.3299560546875
1629.699951171875,1642.9599609375,1618.7900390625,1620.47998046875
1619.5999755859375,1619.5999755859375,1606.5699462890625,1607.6400146484375
1607.52001953125,1607.5999755859375,1595.280029296875,1601.8699951171875
1602.0,1623.0,1600.93994140625,1618.5
1618.2900390625,1622.5400390625,1612.9000244140625,1618.8699951171875
1619.1600341796875,1640.0,1616.800048828125,1637.550048828125
1637.5999755859375,1637.9200439453125,1629.0400390625,1630.9000244140625
1630.8800048828125,1632.8299560546875,1623.2900390625,1624.8399658203125
1624.6500244140625,1627.5999755859375,1615.3399658203125,1617.06005859375
1616.9100341796875,1617.75,1612.3199462890625,1613.8299560546875
1613.9200439453125,1623.8900146484375,1612.9599609375,1622.9599609375
1622.3900146484375,1648.530029296875,1618.3699951171875,1641.050048828125
1640.1800537109375,1647.3599853515625,1639.1800537109375,1644.1600341796875
1644.1500244140625,1652.4200439453125,1642.5899658203125,1648.6400146484375
1647.8299560546875,1665.6500244140625,1645.8299560546875,1661.0400390625
1662.0899658203125,1711.760009765625,1659.1300048828125,1708.7900390625
1709.3699951171875,1721.2099609375,1691.43994140625,1699.8299560546875
1699.1199951171875,1701.5999755859375,1687.030029296875,1695.0999755859375
1695.199951171875,1702.0400390625,1685.1300048828125,1698.0899658203125
1697.760009765625,1703.739990234375,1692.97998046875,1694.260009765625
1694.4100341796875,1705.8299560546875,1693.8299560546875,1700.47998046875
1700.739990234375,1704.0899658203125,1693.3199462890625,1698.8800048828125
1699.1099853515625,1705.010009765625,1694.3599853515625,1703.8699951171875
1704.1099853515625,1704.2099609375,1695.47998046875,1698.489990234375
1698.300048828125,1698.949951171875,1693.0899658203125,1694.8199462890625
1694.300048828125,1699.4100341796875,1690.22998046875,1698.43994140625
1698.3699951171875,1700.81005859375,1692.8499755859375,1694.6400146484375
1694.3199462890625,1715.8399658203125,1693.31005859375,1710.3900146484375
1710.47998046875,1713.0799560546875,1694.199951171875,1702.8800048828125
1702.199951171875,1710.0400390625,1697.4300537109375,1704.3199462890625
1704.6300048828125,1706.47998046875,1700.449951171875,1701.2900390625
1700.699951171875,1718.1600341796875,1700.4599609375,1712.7099609375
1712.699951171875,1719.2900390625,1710.949951171875,1713.9300537109375
1713.699951171875,1720.0699462890625,1711.93994140625,1715.97998046875
1715.8900146484375,1731.7900390625,1713.8599853515625,1717.8699951171875
1717.4100341796875,1728.3599853515625,1715.050048828125,1724.239990234375
1724.300048828125,1747.0,1724.300048828125,1739.969970703125
1740.199951171875,1745.9599609375,1735.800048828125,1740.510009765625
1740.739990234375,1742.97998046875,1729.699951171875,1734.489990234375
1735.010009765625,1750.0,1734.0899658203125,1746.1600341796875
1746.02001953125,1746.02001953125,1727.199951171875,1735.4000244140625
1735.699951171875,1743.4100341796875,1728.0,1729.43994140625
1729.4100341796875,1733.800048828125,1726.1800537109375,1731.969970703125
1731.81005859375,1739.8599853515625,1731.030029296875,1736.760009765625
1737.1099853515625,1738.9200439453125,1734.800048828125,1737.1800537109375
1736.9300537109375,1751.5999755859375,1735.510009765625,1743.5
1743.699951171875,1770.0699462890625,1741.9100341796875,1764.3900146484375
1764.6500244140625,1772.800048828125,1755.5,1761.780029296875
1761.8499755859375,1762.2900390625,1754.239990234375,1755.81005859375
1755.6700439453125,1760.31005859375,1753.760009765625,1757.1099853515625
1756.050048828125,1762.1099853515625,1754.699951171875,1756.9000244140625
1756.7099609375,1756.7099609375,1744.27001953125,1746.0999755859375
1746.449951171875,1749.300048828125,1742.6300048828125,1747.6800537109375
1747.5999755859375,1754.5999755859375,1745.550048828125,1752.1099853515625
1752.0999755859375,1762.5,1750.300048828125,1759.8900146484375
1759.97998046875,1759.97998046875,1751.5,1754.4599609375
1754.449951171875,1759.6300048828125,1749.8399658203125,1753.2099609375
1753.1199951171875,1757.949951171875,1751.239990234375,1756.8399658203125
1757.0,1763.800048828125,1756.030029296875,1760.800048828125
1761.0,1761.3499755859375,1753.4000244140625,1756.52001953125
1756.2900390625,1759.1500244140625,1755.7099609375,1757.699951171875
1756.9100341796875,1758.5999755859375,1754.5,1756.6300048828125
1756.6300048828125,1764.72998046875,1756.6300048828125,1762.81005859375
1762.9100341796875,1776.6500244140625,1760.43994140625,1762.719970703125
1762.5400390625,1773.300048828125,1762.52001953125,1770.9300537109375
1771.4000244140625,1795.93994140625,1771.1400146484375,1789.719970703125
1789.9599609375,1790.3199462890625,1781.8399658203125,1785.5999755859375
1785.3299560546875,1804.77001953125,1777.5400390625,1797.800048828125
1798.52001953125,1804.2099609375,1790.5999755859375,1792.25
1792.22998046875,1796.1099853515625,1787.1400146484375,1791.300048828125
1791.199951171875,1794.449951171875,1782.43994140625,1785.72998046875
1785.72998046875,1792.81005859375,1785.010009765625,1787.9100341796875
1787.3199462890625,1788.0,1780.81005859375,1783.1400146484375
1783.3800048828125,1784.06005859375,1771.510009765625,1779.0699462890625
1779.199951171875,1779.2900390625,1768.6199951171875,1771.0899658203125
1771.050048828125,1773.0,1760.02001953125,1765.06005859375
1765.1199951171875,1766.0899658203125,1755.6600341796875,1759.0899658203125
1759.050048828125,1762.1600341796875,1756.510009765625,1759.969970703125
1759.9000244140625,1770.6700439453125,1758.6099853515625,1766.0799560546875
1765.4000244140625,1766.199951171875,1759.0699462890625,1764.1800537109375
1764.4300537109375,1766.2099609375,1760.5999755859375,1763.0899658203125
1763.050048828125,1770.510009765625,1760.1500244140625,1768.3599853515625
1768.239990234375,1771.0,1765.1500244140625,1766.0
1766.02001953125,1766.0799560546875,1749.0,1756.280029296875
1756.31005859375,1760.31005859375,1753.6400146484375,1759.97998046875
1760.1099853515625,1763.0999755859375,1757.31005859375,1758.5999755859375
1758.25,1768.0,1754.5999755859375,1763.4300537109375
1763.4599609375,1766.0400390625,1760.050048828125,1764.75
1764.8199462890625,1771.0799560546875,1763.4100341796875,1771.0799560546875
1770.5999755859375,1777.469970703125,1769.1099853515625,1773.0799560546875
1772.97998046875,1775.969970703125,1768.81005859375,1771.4100341796875
1771.4100341796875,1783.5899658203125,1771.3800048828125,1778.010009765625
1778.010009765625,1784.43994140625,1776.47998046875,1779.699951171875
1779.6500244140625,1783.010009765625,1776.199951171875,1779.760009765625
1779.56005859375,1781.699951171875,1774.739990234375,1775.6700439453125
1775.6300048828125,1791.0799560546875,1767.9100341796875,1785.260009765625
1784.8800048828125,1805.47998046875,1782.800048828125,1788.1500244140625
1787.989990234375,1800.800048828125,1781.2900390625,1784.199951171875
1784.3499755859375,1792.4300537109375,1773.9000244140625,1791.9000244140625
1791.3299560546875,1797.5,1783.550048828125,1784.530029296875
1785.0999755859375,1788.3900146484375,1777.93994140625,1782.199951171875
1781.8599853515625,1783.27001953125,1771.0999755859375,1778.0699462890625
1777.699951171875,1782.800048828125,1774.699951171875,1776.300048828125
1776.300048828125,1776.699951171875,1763.5,1772.199951171875
1772.9000244140625,1773.5999755859375,1767.699951171875,1767.81005859375
1767.5899658203125,1773.75,1765.31005859375,1770.4200439453125
1770.43994140625,1776.7900390625,1761.449951171875,1763.9100341796875
1763.9100341796875,1764.4000244140625,1754.0799560546875,1756.8599853515625
1756.8800048828125,1772.0799560546875,1756.31005859375,1769.1600341796875
1769.699951171875,1774.0999755859375,1757.6300048828125,1757.6300048828125
1757.699951171875,1758.0999755859375,1734.699951171875,1739.300048828125
1738.800048828125,1752.199951171875,1728.4300537109375,1743.4100341796875
1742.719970703125,1760.4200439453125,1740.4599609375,1750.0999755859375
1750.4000244140625,1787.780029296875,1750.0899658203125,1787.25
1788.27001953125,1803.8900146484373,1781.699951171875,1791.6300048828125
1791.5899658203125,1799.18994140625,1785.800048828125,1786.9599609375
1787.199951171875,1794.9300537109375,1785.5999755859375,1791.300048828125
1791.56005859375,1797.989990234375,1790.0400390625,1791.0
1792.4200439453125,1795.300048828125,1786.0899658203125,1791.739990234375
1791.8800048828125,1830.2099609375,1791.25,1813.5
1814.68994140625,1815.489990234375,1803.5999755859373,1805.1800537109373
1805.02001953125,1808.97998046875,1796.6600341796875,1798.56005859375
1798.6400146484375,1808.8900146484373,1795.199951171875,1802.3900146484373
1801.31005859375,1801.31005859375,1787.4000244140625,1791.5
1791.719970703125,1793.0999755859375,1775.699951171875,1777.2099609375
1776.8299560546875,1780.0899658203125,1767.800048828125,1770.22998046875
1769.699951171875,1772.25,1761.3499755859375,1765.1300048828125
1765.1700439453125,1772.260009765625,1756.5400390625,1769.2900390625
1769.300048828125,1781.0,1763.4300537109375,1777.68994140625
1777.6800537109375,1781.1099853515625,1769.6500244140625,1769.8900146484375
1770.3499755859375,1773.9200439453125,1766.8800048828125,1768.9100341796875
1769.0899658203125,1779.5,1766.9599609375,1776.239990234375
1776.3499755859375,1782.5999755859375,1772.6400146484375,1774.31005859375
1774.0799560546875,1782.989990234375,1770.25,1779.22998046875
1779.2900390625,1792.760009765625,1778.449951171875,1780.1400146484375
1780.010009765625,1781.4599609375,1764.4000244140625,1766.81005859375
1765.6800537109375,1790.52001953125,1759.449951171875,1787.8800048828125
1787.780029296875,1801.0699462890625,1781.199951171875,1795.9100341796875
1795.8599853515625,1810.6800537109373,1791.52001953125,1800.739990234375
1800.1500244140625,1809.219970703125,1797.010009765625,1809.0799560546875
1809.3299560546875,1809.3299560546875,1784.760009765625,1785.1199951171875
1784.8900146484375,1790.8399658203125,1773.25,1789.4300537109375
1789.0899658203125,1792.0,1780.1300048828125,1783.0
1782.989990234375,1788.449951171875,1770.3599853515625,1772.6400146484375
1771.6300048828125,1777.5400390625,1764.9000244140625,1774.3699951171875
1773.9000244140625,1779.5999755859375,1767.1600341796875,1770.06005859375
1770.0999755859375,1782.93994140625,1769.0,1779.0
1779.0,1779.72998046875,1749.4000244140625,1754.699951171875
1754.3399658203125,1758.1700439453125,1740.9100341796875,1756.4100341796875
1757.3499755859375,1762.1300048828125,1747.9200439453125,1749.760009765625
1750.3199462890625,1756.6700439453125,1748.2099609375,1755.0
1754.969970703125,1758.239990234375,1749.260009765625,1752.68994140625
1752.469970703125,1753.43994140625,1745.1600341796875,1750.300048828125
1750.6600341796875,1755.969970703125,1743.780029296875,1755.4599609375
1755.5999755859375,1757.1099853515625,1724.800048828125,1733.6300048828125
1733.489990234375,1739.0899658203125,1728.6600341796875,1734.489990234375
1735.949951171875,1740.75,1731.010009765625,1737.81005859375
1737.780029296875,1749.239990234375,1734.3800048828125,1746.47998046875
1746.489990234375,1749.530029296875,1736.489990234375,1736.8499755859375
1736.949951171875,1742.3900146484375,1729.780029296875,1735.8299560546875
1735.77001953125,1738.6600341796875,1721.6500244140625,1727.6500244140625
1728.3199462890625,1728.5999755859375,1711.2900390625,1721.06005859375
1721.6099853515625,1736.1700439453125,1721.010009765625,1734.52001953125
1734.5699462890625,1744.8699951171875,1729.5999755859375,1731.27001953125
1731.489990234375,1739.9300537109375,1728.3399658203125,1735.81005859375
1735.9599609375,1740.2900390625,1732.030029296875,1739.5899658203125
1737.5999755859375,1739.22998046875,1733.27001953125,1734.9100341796875
1735.0799560546875,1738.510009765625,1730.1400146484375,1736.800048828125
1737.199951171875,1741.72998046875,1735.1700439453125,1740.0799560546875
1739.739990234375,1743.050048828125,1737.4599609375,1742.0
1741.8599853515625,1742.93994140625,1735.47998046875,1736.68994140625
1736.550048828125,1752.97998046875,1728.8199462890625,1730.199951171875
1730.8499755859375,1737.4599609375,1722.1500244140625,1725.6500244140625
1725.6500244140625,1732.6600341796875,1720.56005859375,1729.0799560546875
1729.0400390625,1741.9599609375,1728.9000244140625,1740.97998046875
1741.0,1748.0,1736.1500244140625,1747.9100341796875
1748.239990234375,1754.18994140625,1744.5999755859375,1753.5799560546875
1753.469970703125,1759.5,1749.2099609375,1751.699951171875
1751.719970703125,1757.43994140625,1749.5,1753.1199951171875
1752.800048828125,1755.0999755859375,1747.9000244140625,1754.1600341796875
1754.260009765625,1756.3599853515625,1742.989990234375,1744.719970703125
1744.6500244140625,1747.0799560546875,1739.6500244140625,1742.530029296875
1741.3599853515625,1745.800048828125,1733.530029296875,1740.2900390625
1740.239990234375,1749.800048828125,1734.27001953125,1745.0799560546875
1745.68994140625,1747.5999755859375,1731.8199462890625,1741.5
1742.050048828125,1747.4100341796875,1736.0,1737.81005859375
1737.81005859375,1742.300048828125,1730.0,1737.4599609375
1737.93994140625,1750.25,1737.0899658203125,1747.1099853515625
1747.5999755859375,1757.9300537109375,1746.1400146484375,1750.0999755859375
1750.4200439453125,1751.47998046875,1745.7099609375,1746.989990234375
1747.18994140625,1749.18994140625,1743.9100341796875,1747.449951171875
1747.6400146484375,1749.760009765625,1743.739990234375,1747.030029296875
1746.9000244140625,1749.5999755859375,1745.030029296875,1746.1600341796875
1746.1600341796875,1747.9000244140625,1740.3399658203125,1743.8199462890625
1743.780029296875,1745.4100341796875,1736.5999755859375,1741.47998046875
1741.7099609375,1775.9000244140625,1736.5799560546875,1766.1400146484375
1766.800048828125,1773.2099609375,1763.219970703125,1771.47998046875
1771.3399658203125,1778.199951171875,1767.8299560546875,1774.800048828125
1774.8499755859375,1779.030029296875,1770.8900146484375,1773.489990234375
1773.5799560546875,1778.25,1771.3299560546875,1777.8199462890625
1778.0400390625,1778.68994140625,1768.1500244140625,1770.010009765625
1770.4000244140625,1776.5400390625,1767.780029296875,1772.3900146484375
1772.1600341796875,1787.8900146484375,1771.43994140625,1782.969970703125
1782.719970703125,1793.5,1780.0899658203125,1791.5
1791.4200439453125,1800.8399658203125,1788.27001953125,1795.6800537109375
1796.0,1801.0999755859375,1793.0799560546875,1800.22998046875
1800.47998046875,1805.8699951171875,1791.5999755859375,1792.5
1792.5799560546875,1809.9000244140625,1792.4000244140625,1802.800048828125
1801.8499755859373,1803.2900390625,1775.739990234375,1783.4599609375
1783.56005859375,1795.199951171875,1782.7099609375,1789.699951171875
1790.0799560546875,1798.1800537109375,1784.52001953125,1796.0
1795.9000244140625,1797.8900146484375,1786.739990234375,1786.739990234375
1786.8800048828125,1790.780029296875,1780.3199462890625,1783.5799560546875
1783.3299560546875,1795.68994140625,1782.6800537109375,1791.1099853515625
1791.8599853515625,1793.0699462890625,1788.1700439453125,1788.8499755859375
1788.6700439453125,1795.4200439453125,1788.449951171875,1793.0
1792.9100341796875,1795.3299560546875,1791.56005859375,1793.969970703125
1793.969970703125,1797.0400390625,1791.260009765625,1795.739990234375
1795.2099609375,1795.969970703125,1788.800048828125,1792.0799560546875
1791.969970703125,1797.5699462890625,1787.449951171875,1788.1199951171875
1787.72998046875,1794.949951171875,1786.3599853515625,1794.280029296875
1794.4200439453125,1796.9000244140625,1792.5400390625,1795.199951171875
1795.1800537109375,1798.8599853515625,1794.3900146484375,1795.18994140625
1795.18994140625,1800.18994140625,1793.8599853515625,1797.9200439453125
1796.52001953125,1801.6400146484373,1794.3699951171875,1797.969970703125
1797.9000244140625,1800.5699462890625,1796.8900146484375,1798.6800537109375
1798.6600341796875,1802.0799560546875,1798.1700439453125,1800.22998046875
1800.050048828125,1801.3199462890625,1793.56005859375,1794.0
1794.469970703125,1797.719970703125,1794.010009765625,1796.7099609375
1796.800048828125,1799.4200439453125,1795.5699462890625,1798.949951171875
1798.949951171875,1799.989990234375,1796.81005859375,1798.6600341796875
1798.9300537109375,1804.719970703125,1797.3900146484375,1801.550048828125
1801.3199462890625,1815.1600341796875,1801.199951171875,1809.6500244140625
1809.949951171875,1825.9200439453125,1807.75,1813.52001953125
1813.510009765625,1822.3199462890625,1809.8299560546875,1822.010009765625
1822.3299560546875,1828.1400146484373,1817.0999755859373,1823.280029296875
1823.6700439453125,1827.8399658203125,1822.5699462890625,1824.9599609375
1824.8399658203125,1826.1600341796875,1818.0,1823.4100341796875
1823.4000244140625,1827.6199951171875,1822.9000244140625,1825.0899658203125
1824.8499755859373,1828.0799560546875,1821.6099853515625,1822.719970703125
1822.719970703125,1822.800048828125,1809.5999755859373,1812.7900390625
1812.780029296875,1814.6400146484373,1785.719970703125,1786.81005859375
1786.9200439453125,1789.6800537109375,1778.81005859375,1787.72998046875
1787.6099853515625,1807.2900390625,1787.0,1805.5799560546875
1805.5799560546875,1806.31005859375,1802.06005859375,1803.9599609375
1803.8599853515625,1811.1700439453125,1802.030029296875,1810.4200439453125
1810.239990234375,1811.3900146484373,1803.0,1804.800048828125
1804.8399658203125,1806.010009765625,1800.1500244140625,1802.1700439453125
1801.72998046875,1801.72998046875,1788.8800048828125,1794.02001953125
1793.989990234375,1798.0,1793.0899658203125,1797.699951171875
1797.3199462890625,1807.8399658203125,1797.3199462890625,1803.9200439453125
1803.93994140625,1804.800048828125,1795.5,1801.3299560546875
1801.3199462890625,1801.3199462890625,1797.9200439453125,1798.3299560546875
1798.5999755859375,1805.52001953125,1795.5,1802.6500244140625
1802.3399658203125,1807.68994140625,1801.8900146484373,1805.989990234375
1805.93994140625,1808.6400146484373,1804.2900390625,1804.72998046875
1804.9000244140625,1820.2900390625,1803.239990234375,1818.510009765625
1818.6500244140625,1825.0799560546875,1815.43994140625,1819.9599609375
1820.1300048828125,1823.1099853515625,1816.8599853515625,1820.75
1820.7099609375,1821.1700439453125,1814.5799560546875,1817.199951171875
1817.31005859375,1821.25,1814.0699462890625,1820.4000244140625
1820.4300537109373,1821.8299560546875,1817.75,1820.3900146484373
1820.489990234375,1822.68994140625,1817.550048828125,1820.199951171875
1820.3900146484373,1822.5999755859373,1810.239990234375,1811.4000244140625
1807.1700439453125,1807.72998046875,1796.5400390625,1804.010009765625
1803.8299560546875,1807.780029296875,1799.7099609375,1805.510009765625
1805.739990234375,1840.8499755859373,1803.1099853515625,1825.3299560546875
1825.199951171875,1828.199951171875,1804.3299560546875,1805.739990234375
1805.77001953125,1813.6199951171875,1798.050048828125,1805.6600341796875
1804.300048828125,1805.5,1774.199951171875,1779.1199951171875
1779.22998046875,1783.6800537109375,1775.02001953125,1777.3299560546875
1777.43994140625,1785.3900146484375,1773.56005859375,1780.510009765625
1781.3199462890625,1782.280029296875,1774.25,1776.300048828125
1777.5,1789.739990234375,1775.02001953125,1785.97998046875
1786.27001953125,1791.97998046875,1782.199951171875,1788.699951171875
1788.97998046875,1788.97998046875,1783.699951171875,1784.1800537109375
1784.1099853515625,1785.239990234375,1775.81005859375,1778.0899658203125
1778.699951171875,1783.2900390625,1778.2099609375,1779.199951171875
1779.5899658203125,1782.1600341796875,1767.1600341796875,1770.5699462890625
1770.1800537109375,1774.8900146484375,1762.1600341796875,1769.699951171875
1769.2900390625,1780.260009765625,1761.52001953125,1780.0
1779.7900390625,1785.219970703125,1773.969970703125,1775.3900146484375
1775.68994140625,1779.1600341796875,1765.699951171875,1770.300048828125
1770.31005859375,1774.0999755859375,1751.2900390625,1751.6500244140625
1751.8399658203125,1765.550048828125,1749.0999755859375,1762.5
1763.010009765625,1773.3499755859375,1762.530029296875,1773.1800537109375
1772.7099609375,1775.2900390625,1760.5999755859375,1765.6700439453125
1765.5999755859375,1765.5999755859375,1751.8900146484375,1759.9000244140625
1760.1300048828125,1766.56005859375,1753.969970703125,1755.8499755859375
1755.8299560546875,1775.780029296875,1754.02001953125,1774.5699462890625
1775.0799560546875,1786.0999755859375,1771.3599853515625,1783.6300048828125
1784.1400146484375,1792.43994140625,1781.2099609375,1782.93994140625
1782.8199462890625,1787.0,1773.260009765625,1780.530029296875
1780.800048828125,1781.989990234375,1772.719970703125,1781.9000244140625
1781.6199951171875,1787.68994140625,1780.3299560546875,1783.72998046875
1783.510009765625,1790.6800537109375,1782.3399658203125,1784.8900146484375
1784.5799560546875,1785.280029296875,1779.75,1780.9100341796875
1780.4100341796875,1783.800048828125,1776.93994140625,1778.6600341796875
1778.6099853515625,1787.77001953125,1777.06005859375,1783.8900146484375
1783.6600341796875,1787.719970703125,1780.81005859375,1784.1099853515625
1784.3399658203125,1802.7099609375,1784.06005859375,1798.3900146484375
1798.56005859375,1800.6099853515625,1793.6300048828125,1795.9100341796875
1796.6700439453125,1860.93994140625,1792.3800048828125,1858.5899658203125
1861.06005859375,1880.699951171875,1853.260009765625,1869.780029296875
1869.3399658203125,1880.77001953125,1858.6800537109373,1879.3800048828125
1880.280029296875,1885.0,1871.6400146484373,1873.7099609375
1874.3399658203125,1875.9000244140625,1867.8699951171875,1872.449951171875
1872.6600341796875,1872.6600341796875,1861.449951171875,1870.47998046875
1870.72998046875,1875.72998046875,1867.3299560546875,1873.4000244140625
1873.68994140625,1880.4200439453125,1873.3599853515625,1875.7099609375
1876.6700439453125,1877.8800048828125,1872.93994140625,1874.260009765625
1874.4100341796875,1878.5400390625,1873.43994140625,1875.469970703125
1875.5999755859373,1895.0,1870.9300537109373,1881.18994140625
1880.800048828125,1891.530029296875,1877.7099609375,1890.5400390625
1891.25,1891.97998046875,1876.97998046875,1880.3800048828125
1880.780029296875,1880.780029296875,1866.1600341796875,1869.1300048828125
1868.9000244140625,1871.3900146484373,1863.2900390625,1863.52001953125
1863.52001953125,1877.6600341796875,1863.3900146484373,1874.93994140625
1874.7099609375,1878.5699462890625,1872.18994140625,1874.969970703125
1875.5999755859373,1881.699951171875,1870.5,1880.9000244140625
1881.010009765625,1890.3900146484373,1874.52001953125,1874.7099609375
1874.75,1875.8900146484373,1863.510009765625,1868.77001953125
1869.5,1878.56005859375,1868.9100341796875,1878.0400390625
1878.06005859375,1885.3499755859373,1878.06005859375,1878.5999755859373
1878.5899658203125,1884.5699462890625,1873.9100341796875,1876.75
1876.739990234375,1884.3599853515625,1876.489990234375,1883.0899658203125
1882.97998046875,1927.43994140625,1877.699951171875,1925.6099853515625
1927.4000244140625,1944.300048828125,1915.4300537109373,1924.1099853515625
1925.1099853515625,1933.68994140625,1917.6600341796875,1931.77001953125
1931.77001953125,1936.0,1924.010009765625,1930.0
1930.52001953125,1930.81005859375,1902.6500244140625,1917.6099853515625
1918.1800537109373,1929.0999755859373,1918.1700439453125,1926.6500244140625
1926.0799560546875,1935.3599853515625,1921.27001953125,1922.9100341796875
1923.030029296875,1927.780029296875,1918.18994140625,1922.1700439453125
1923.3499755859373,1929.1199951171875,1919.5,1922.469970703125
1922.469970703125,1924.81005859375,1918.77001953125,1921.030029296875
1920.9599609375,1925.3599853515625,1917.1099853515625,1922.25
1922.239990234375,1925.9300537109373,1914.1199951171875,1916.760009765625
1916.530029296875,1923.780029296875,1910.31005859375,1913.5899658203125
1913.9200439453125,1924.81005859375,1906.989990234375,1921.4000244140625
1920.9599609375,1924.949951171875,1917.75,1923.8699951171875
1923.800048828125,1927.6700439453125,1915.5699462890625,1917.47998046875
1917.18994140625,1919.6099853515625,1912.7900390625,1916.3900146484373
1916.8900146484373,1925.9200439453125,1915.75,1924.22998046875
1923.9100341796875,1927.3199462890625,1914.3499755859373,1921.1600341796875
1921.1500244140625,1921.18994140625,1903.7099609375,1908.8800048828125
1908.9000244140625,1911.1199951171875,1875.0,1884.8199462890625
1884.9300537109373,1887.699951171875,1879.8699951171875,1882.93994140625
1883.4100341796875,1889.989990234375,1882.3299560546875,1886.989990234375
1886.989990234375,1886.989990234375,1877.699951171875,1883.780029296875
1883.5400390625,1883.760009765625,1866.25,1871.2900390625
1870.989990234375,1888.5899658203125,1869.6800537109373,1880.5
1880.3599853515625,1891.199951171875,1872.9599609375,1881.5699462890625
1881.449951171875,1891.949951171875,1869.47998046875,1880.300048828125
1880.1300048828125,1881.6600341796875,1873.1600341796875,1877.489990234375
1877.3800048828125,1877.6800537109373,1862.1500244140625,1867.6600341796875
1867.6800537109373,1877.9100341796875,1866.9200439453125,1874.280029296875
1874.6800537109373,1876.43994140625,1869.550048828125,1874.0999755859373
1873.2900390625,1874.3399658203125,1869.8399658203125,1870.199951171875
1870.010009765625,1879.449951171875,1870.010009765625,1877.1099853515625
1877.5799560546875,1879.9300537109373,1866.9300537109373,1867.5799560546875
1866.9300537109373,1869.0999755859373,1856.02001953125,1863.1800537109373
1863.0699462890625,1865.0899658203125,1848.1600341796875,1864.260009765625
1864.4100341796875,1869.31005859375,1846.5999755859373,1849.75
1848.9100341796875,1853.8800048828125,1841.9000244140625,1846.5400390625
1846.760009765625,1857.6700439453125,1845.56005859375,1850.9100341796875
1850.8499755859373,1851.0799560546875,1842.4200439453125,1848.6600341796875
1847.780029296875,1847.780029296875,1820.030029296875,1822.219970703125
1821.8199462890625,1834.56005859375,1820.1700439453125,1830.449951171875
1830.2900390625,1831.6400146484373,1824.5999755859373,1826.449951171875
1826.6500244140625,1830.6700439453125,1819.43994140625,1828.1700439453125
1828.219970703125,1834.199951171875,1827.3599853515625,1833.1300048828125
1833.0999755859373,1838.18994140625,1832.22998046875,1835.1700439453125
1835.199951171875,1841.1800537109373,1831.5400390625,1837.4200439453125
1837.550048828125,1838.3599853515625,1825.6800537109373,1826.77001953125
1826.8800048828125,1827.4599609375,1802.0899658203125,1823.3299560546875
1823.4599609375,1832.0899658203125,1815.6500244140625,1820.530029296875
1820.6099853515625,1829.8599853515625,1809.47998046875,1829.3599853515625
1828.81005859375,1839.1500244140625,1825.1199951171875,1834.8499755859373
1835.530029296875,1855.18994140625,1835.52001953125,1842.6300048828125
1842.6700439453125,1848.68994140625,1833.8699951171875,1845.97998046875
1845.5799560546875,1846.030029296875,1835.02001953125,1842.199951171875
1841.949951171875,1845.280029296875,1836.1800537109373,1841.739990234375
1841.6300048828125,1845.5999755859373,1839.8199462890625,1840.43994140625
1840.7900390625,1842.6800537109373,1836.25,1838.6300048828125
1838.6500244140625,1843.2900390625,1834.0,1840.739990234375
1840.9300537109373,1843.7900390625,1838.8900146484373,1839.8599853515625
1839.699951171875,1842.1700439453125,1838.300048828125,1841.300048828125
1841.8699951171875,1845.7099609375,1840.3199462890625,1841.0
1840.8499755859373,1845.239990234375,1840.43994140625,1844.81005859375
1844.9200439453125,1845.0699462890625,1841.25,1843.3499755859373
1843.3900146484373,1848.0,1841.8800048828125,1844.6199951171875
1844.75,1846.77001953125,1841.9000244140625,1843.6099853515625
1843.6099853515625,1844.9000244140625,1841.7900390625,1843.030029296875
1843.239990234375,1848.02001953125,1841.199951171875,1846.18994140625
1846.31005859375,1846.7900390625,1841.8399658203125,1843.8699951171875
1843.68994140625,1845.47998046875,1842.9000244140625,1844.18994140625
1844.18994140625,1845.4100341796875,1842.949951171875,1844.1700439453125
1844.1700439453125,1849.0699462890625,1839.199951171875,1843.4100341796875
1842.8800048828125,1843.02001953125,1836.25,1840.31005859375
1840.489990234375,1845.0899658203125,1839.6099853515625,1844.550048828125
1844.760009765625,1844.949951171875,1840.8599853515625,1842.5
1842.5,1845.68994140625,1840.5,1844.510009765625
1844.719970703125,1852.1800537109373,1842.010009765625,1851.4100341796875
1851.699951171875,1864.030029296875,1848.719970703125,1856.2900390625
1856.760009765625,1860.1400146484373,1854.5699462890625,1857.239990234375
1857.3499755859373,1861.8699951171875,1854.5400390625,1855.9200439453125
1856.2900390625,1861.6400146484373,1854.6400146484373,1859.6400146484373
1859.4100341796875,1864.31005859375,1858.780029296875,1862.4200439453125
1862.3299560546875,1863.1199951171875,1858.81005859375,1861.5400390625
1861.6199951171875,1862.27001953125,1858.010009765625,1860.1199951171875
1860.1700439453125,1860.3699951171875,1857.4000244140625,1857.8699951171875
1857.8199462890625,1875.800048828125,1857.8199462890625,1870.25
1871.699951171875,1871.7099609375,1862.5999755859373,1866.06005859375
1865.4000244140625,1869.0,1863.0699462890625,1866.0899658203125
1866.469970703125,1869.18994140625,1864.5,1867.1700439453125
1867.1800537109373,1870.199951171875,1866.8299560546875,1867.9000244140625
1867.77001953125,1870.6400146484373,1865.9100341796875,1868.0400390625
1869.0999755859373,1874.1500244140625,1866.4599609375,1872.5
1872.699951171875,1872.8299560546875,1864.25,1865.199951171875
1865.050048828125,1876.219970703125,1863.02001953125,1870.949951171875
1871.030029296875,1877.27001953125,1869.0400390625,1870.050048828125
1869.9599609375,1873.0,1863.260009765625,1869.1199951171875
1869.1199951171875,1872.3499755859373,1864.5999755859373,1870.4200439453125
1870.5,1877.4300537109373,1867.3299560546875,1873.31005859375
1873.2099609375,1874.739990234375,1867.5,1869.6600341796875
1869.5799560546875,1872.3800048828125,1864.510009765625,1865.3599853515625
1865.1400146484373,1872.1600341796875,1858.68994140625,1865.9300537109373
1865.8900146484373,1866.56005859375,1853.9000244140625,1859.3199462890625
1860.1099853515625,1861.3900146484373,1853.550048828125,1860.75
1861.300048828125,1865.760009765625,1860.719970703125,1865.760009765625
1866.02001953125,1866.3599853515625,1856.0899658203125,1860.75
1858.739990234375,1875.7099609375,1855.97998046875,1869.1099853515625
1869.280029296875,1873.300048828125,1863.739990234375,1870.8599853515625
1871.010009765625,1890.199951171875,1861.260009765625,1870.6099853515625
1870.8800048828125,1887.8399658203125,1864.2900390625,1867.81005859375
1867.6400146484373,1881.3199462890625,1866.449951171875,1877.530029296875
1877.5899658203125,1880.8199462890625,1869.4100341796875,1878.0999755859373
1878.3399658203125,1878.47998046875,1866.949951171875,1867.0799560546875
1867.5799560546875,1868.4000244140625,1850.300048828125,1853.800048828125
1854.4000244140625,1858.449951171875,1842.8399658203125,1848.0
1848.4100341796875,1863.8800048828125,1847.780029296875,1862.3800048828125
1861.6199951171875,1866.9599609375,1852.510009765625,1859.1800537109373
1859.02001953125,1865.6800537109373,1856.239990234375,1862.4000244140625
1862.5699462890625,1869.6800537109373,1861.1400146484373,1867.239990234375
1867.699951171875,1894.75,1866.300048828125,1891.56005859375
1891.93994140625,1891.93994140625,1870.199951171875,1871.300048828125
1871.3499755859373,1878.300048828125,1855.75,1860.6700439453125
1860.1199951171875,1869.699951171875,1851.77001953125,1866.18994140625
1867.0799560546875,1902.02001953125,1866.0,1901.0899658203125
1901.6099853515625,1905.5,1892.4300537109373,1898.1199951171875
1897.3299560546875,1908.1099853515625,1893.9599609375,1906.3299560546875
1906.489990234375,1916.9300537109373,1896.199951171875,1898.010009765625
1897.6600341796875,1899.8199462890625,1888.699951171875,1897.4000244140625
1898.9300537109373,1905.4100341796875,1894.6099853515625,1903.5400390625
1903.199951171875,1906.3199462890625,1900.47998046875,1901.050048828125
1900.8399658203125,1900.8399658203125,1892.9000244140625,1894.5899658203125
1894.56005859375,1904.0,1894.050048828125,1903.5400390625
1903.47998046875,1916.800048828125,1899.56005859375,1913.9000244140625
1913.260009765625,1916.9100341796875,1905.9000244140625,1906.300048828125
1906.43994140625,1920.3699951171875,1903.3199462890625,1916.1700439453125
1916.050048828125,1927.0999755859373,1915.5999755859373,1925.6400146484373
1925.4599609375,1929.8399658203125,1921.27001953125,1923.3599853515625
1923.0,1933.989990234375,1920.72998046875,1929.260009765625
1929.0999755859373,1938.3599853515625,1926.5,1933.5899658203125
1933.4000244140625,1937.8800048828125,1932.1600341796875,1932.8900146484373
1932.77001953125,1949.3699951171875,1930.3699951171875,1938.6199951171875
1938.25,1942.280029296875,1935.68994140625,1940.800048828125
1940.8499755859373,1945.81005859375,1931.06005859375,1932.8499755859373
1932.9599609375,1936.0699462890625,1926.239990234375,1934.6099853515625
1934.760009765625,1944.1400146484373,1931.6500244140625,1941.6099853515625
1941.300048828125,1942.550048828125,1926.199951171875,1938.93994140625
1938.530029296875,1942.75,1926.1199951171875,1930.1500244140625
1930.010009765625,1931.449951171875,1922.5,1930.760009765625
1930.989990234375,1934.4300537109373,1920.719970703125,1925.300048828125
1925.0400390625,1927.1800537109373,1915.199951171875,1917.300048828125
1917.4599609375,1921.6800537109373,1914.25,1918.949951171875
1918.8800048828125,1925.4000244140625,1917.3399658203125,1922.6400146484373
1923.3800048828125,1925.489990234375,1920.43994140625,1922.1800537109373
1922.050048828125,1925.719970703125,1918.81005859375,1923.1700439453125
1922.300048828125,1922.93994140625,1917.1300048828125,1919.5999755859373
1919.1600341796875,1929.699951171875,1915.699951171875,1928.6300048828125
1929.0999755859373,1942.8199462890625,1927.800048828125,1938.1300048828125
1938.47998046875,1939.199951171875,1927.239990234375,1932.4200439453125
1931.739990234375,1935.239990234375,1925.5400390625,1929.0699462890625
1928.72998046875,1934.6300048828125,1925.4000244140625,1927.5
1926.8399658203125,1937.989990234375,1926.8399658203125,1935.489990234375
1935.739990234375,1935.739990234375,1916.9000244140625,1918.0799560546875
1918.8599853515625,1919.8499755859373,1912.199951171875,1916.27001953125
1916.8800048828125,1917.8299560546875,1909.47998046875,1912.8800048828125
1912.68994140625,1923.9000244140625,1912.68994140625,1919.800048828125
1919.6099853515625,1925.0799560546875,1918.199951171875,1923.199951171875
1923.5,1932.3699951171875,1921.9100341796875,1929.4100341796875
1929.199951171875,1930.1600341796875,1921.2099609375,1926.1600341796875
1926.1600341796875,1926.1600341796875,1912.4100341796875,1915.5899658203125
1915.72998046875,1941.1400146484373,1915.4000244140625,1938.81005859375
1938.5,1952.7900390625,1921.6400146484373,1932.1199951171875
1932.699951171875,1951.300048828125,1932.0999755859373,1941.949951171875
1942.06005859375,1955.5999755859373,1935.4200439453125,1949.4200439453125
1949.0999755859373,1949.5999755859373,1934.1500244140625,1937.6600341796875
1937.739990234375,1939.18994140625,1922.699951171875,1929.9100341796875
1929.8800048828125,1931.0400390625,1920.0799560546875,1924.300048828125
1923.5400390625,1929.5,1921.800048828125,1926.030029296875
1925.93994140625,1938.6300048828125,1925.93994140625,1937.9300537109373
1936.2099609375,1938.030029296875,1930.0,1937.4300537109373
1937.449951171875,1937.449951171875,1922.8800048828125,1933.5400390625
1933.8900146484373,1940.6500244140625,1931.4000244140625,1931.4000244140625
1931.52001953125,1935.8399658203125,1925.9000244140625,1927.6500244140625
1927.43994140625,1928.6400146484373,1921.4200439453125,1926.3399658203125
1926.77001953125,1926.969970703125,1917.4599609375,1919.530029296875
1919.530029296875,1925.06005859375,1917.6099853515625,1918.4599609375
1918.760009765625,1927.6099853515625,1917.0699462890625,1921.949951171875
1921.510009765625,1925.9599609375,1920.0400390625,1924.4000244140625
1924.2099609375,1924.2099609375,1911.1400146484373,1914.199951171875
1914.300048828125,1926.1199951171875,1913.0999755859373,1925.550048828125
1925.7900390625,1930.3800048828125,1922.3699951171875,1923.1800537109373
1923.5,1929.5999755859373,1920.510009765625,1927.300048828125
1927.31005859375,1928.4599609375,1924.0,1925.260009765625
1925.0699462890625,1927.1199951171875,1894.0799560546875,1903.0999755859373
1903.550048828125,1908.1099853515625,1894.5799560546875,1897.3499755859373
1897.8299560546875,1905.7099609375,1891.6600341796875,1895.6500244140625
1895.2900390625,1896.22998046875,1881.6099853515625,1893.800048828125
1893.699951171875,1893.699951171875,1883.31005859375,1886.31005859375
1886.0999755859373,1890.449951171875,1875.949951171875,1877.0
1877.0999755859373,1882.760009765625,1874.3299560546875,1879.6400146484373
1879.68994140625,1882.0999755859373,1868.0,1874.1400146484373
1873.8599853515625,1887.300048828125,1872.9300537109373,1884.469970703125
1884.449951171875,1887.2900390625,1879.300048828125,1881.199951171875
1881.219970703125,1882.6199951171875,1873.260009765625,1881.969970703125
1882.02001953125,1883.1400146484373,1874.3199462890625,1876.9100341796875
1877.31005859375,1877.6099853515625,1860.8699951171875,1869.949951171875
1870.1500244140625,1876.199951171875,1869.1800537109373,1871.219970703125
1871.5999755859373,1877.1500244140625,1863.1099853515625,1867.8199462890625
1867.8199462890625,1879.6400146484373,1866.4000244140625,1879.199951171875
1879.4300537109373,1880.4000244140625,1873.2099609375,1874.56005859375
1874.800048828125,1880.7900390625,1872.0,1879.280029296875
1879.280029296875,1887.030029296875,1877.68994140625,1886.72998046875
1887.0,1908.02001953125,1887.0,1894.6600341796875
1894.68994140625,1894.8699951171875,1885.5,1886.6600341796875
1886.8199462890625,1887.8900146484373,1878.4000244140625,1886.6600341796875
1886.68994140625,1887.1199951171875,1878.8499755859373,1882.4000244140625
1882.260009765625,1883.2900390625,1875.1199951171875,1882.760009765625
1882.0799560546875,1884.3800048828125,1870.1600341796875,1870.72998046875
1872.5999755859373,1873.27001953125,1846.6099853515625,1854.719970703125
1855.9100341796875,1861.0899658203125,1846.0899658203125,1861.030029296875
1860.050048828125,1867.510009765625,1852.300048828125,1860.0
1860.0400390625,1864.5,1851.699951171875,1855.5999755859373
1855.5400390625,1865.0,1853.0899658203125,1864.9000244140625
1865.06005859375,1865.06005859375,1856.6500244140625,1860.800048828125
1861.3199462890625,1862.699951171875,1856.1500244140625,1862.0
1861.9200439453125,1863.6700439453125,1856.6500244140625,1859.22998046875
1859.2099609375,1859.5899658203125,1855.3499755859373,1855.6199951171875
1855.6199951171875,1860.0,1855.010009765625,1857.6800537109373
1857.6700439453125,1860.3699951171875,1857.25,1860.010009765625
1859.8900146484373,1862.989990234375,1855.5699462890625,1858.510009765625
1858.7099609375,1862.0899658203125,1856.47998046875,1858.5
1858.5999755859373,1860.0400390625,1856.530029296875,1857.9300537109373
1857.8499755859373,1858.9599609375,1854.3800048828125,1856.9200439453125
1856.969970703125,1860.949951171875,1856.93994140625,1859.6400146484373
1859.6300048828125,1861.2099609375,1855.1800537109373,1856.6400146484373
1856.5799560546875,1858.56005859375,1853.0,1857.1800537109373
1856.9000244140625,1857.1199951171875,1854.489990234375,1854.489990234375
1853.449951171875,1854.47998046875,1849.260009765625,1852.0799560546875
1852.1099853515625,1857.1600341796875,1850.219970703125,1856.5400390625
1856.75,1857.489990234375,1854.8499755859373,1856.77001953125
1856.77001953125,1858.199951171875,1855.800048828125,1856.06005859375
1856.0899658203125,1858.4300537109373,1855.0999755859373,1858.3699951171875
1858.3599853515625,1869.2900390625,1857.8800048828125,1865.260009765625
1865.530029296875,1867.4300537109373,1863.510009765625,1867.050048828125
1866.8599853515625,1869.6199951171875,1865.4000244140625,1866.0999755859373
1866.47998046875,1868.75,1862.969970703125,1866.3299560546875
1866.5999755859373,1872.6199951171875,1866.25,1871.3599853515625
1871.6300048828125,1874.5400390625,1870.530029296875,1873.739990234375
1873.699951171875,1874.8499755859373,1872.6099853515625,1873.06005859375
1873.2900390625,1873.2900390625,1868.8599853515625,1870.5
1870.510009765625,1873.0799560546875,1866.4300537109373,1870.989990234375
1871.0699462890625,1875.31005859375,1870.5,1874.1500244140625
1874.3599853515625,1874.6800537109373,1871.6099853515625,1873.050048828125
1873.010009765625,1879.5899658203125,1872.1600341796875,1879.5899658203125
1879.4599609375,1879.9599609375,1876.0999755859373,1877.0400390625
1877.1300048828125,1879.8199462890625,1875.47998046875,1879.1400146484373
1879.1500244140625,1882.4000244140625,1877.2900390625,1880.5899658203125
1880.81005859375,1887.4000244140625,1878.5899658203125,1884.6800537109373
1884.969970703125,1885.780029296875,1881.739990234375,1881.739990234375
1881.5999755859373,1883.6300048828125,1876.8599853515625,1883.3800048828125
1883.6300048828125,1884.6199951171875,1878.989990234375,1879.8499755859373
1879.8699951171875,1880.8800048828125,1877.68994140625,1879.8299560546875
1879.8399658203125,1884.0,1879.5400390625,1882.0899658203125
1882.27001953125,1885.8599853515625,1880.699951171875,1884.3199462890625
1884.2099609375,1886.0699462890625,1883.0400390625,1884.22998046875
1884.4100341796875,1890.800048828125,1883.81005859375,1884.780029296875
1884.8499755859373,1887.219970703125,1880.5699462890625,1885.010009765625
1885.0699462890625,1897.8399658203125,1885.0699462890625,1896.93994140625
1897.0799560546875,1914.77001953125,1896.239990234375,1913.2900390625
1914.27001953125,1926.0799560546875,1907.22998046875,1914.52001953125
1914.5899658203125,1916.030029296875,1909.0999755859373,1909.550048828125
1909.550048828125,1914.4300537109373,1909.280029296875,1912.739990234375
1912.739990234375,1914.1600341796875,1910.2099609375,1912.47998046875
1912.550048828125,1913.0,1909.800048828125,1912.02001953125
1912.4000244140625,1927.6800537109373,1912.0999755859373,1924.1800537109373
1931.3499755859373,1950.3900146484373,1931.3499755859373,1947.9100341796875
1950.5999755859373,1963.9000244140625,1945.9300537109373,1952.8900146484373
1953.3499755859373,1953.3499755859373,1937.9100341796875,1940.6800537109373
1940.760009765625,1946.6400146484373,1934.780029296875,1946.300048828125
1946.52001953125,1947.5899658203125,1939.949951171875,1941.25
1941.5699462890625,1949.06005859375,1940.6800537109373,1948.02001953125
1948.06005859375,1960.050048828125,1946.8900146484373,1951.6400146484373
1951.780029296875,1967.3699951171875,1950.469970703125,1963.9200439453125
1963.6400146484373,1975.4300537109373,1962.02001953125,1966.5
1966.760009765625,1969.8399658203125,1959.989990234375,1963.0
1963.9200439453125,1966.9000244140625,1960.510009765625,1963.300048828125
1962.3199462890625,1966.5899658203125,1955.5999755859373,1963.31005859375
1963.18994140625,1970.199951171875,1961.9000244140625,1965.9200439453125
1965.199951171875,1965.280029296875,1956.43994140625,1957.8900146484373
1958.300048828125,1962.949951171875,1941.4000244140625,1956.0899658203125
1956.22998046875,1975.4100341796875,1948.68994140625,1958.989990234375
1958.9000244140625,1964.699951171875,1918.1500244140625,1930.1700439453125
1929.9000244140625,1935.489990234375,1923.22998046875,1925.510009765625
1925.8900146484373,1944.6600341796875,1920.7900390625,1938.5
1938.02001953125,1944.1700439453125,1932.9599609375,1941.9000244140625
1941.949951171875,1942.5899658203125,1927.1700439453125,1937.199951171875
1937.22998046875,1953.5899658203125,1935.530029296875,1946.8199462890625
1948.25,1948.6700439453125,1941.5,1945.030029296875
1944.9300537109373,1948.06005859375,1939.1099853515625,1940.0
1939.989990234375,1939.989990234375,1890.8800048828125,1892.0
1889.2099609375,1894.199951171875,1882.199951171875,1890.6700439453125
1891.1099853515625,1892.780029296875,1876.030029296875,1877.1099853515625
1877.0999755859373,1880.9100341796875,1865.5999755859373,1874.1500244140625
1873.800048828125,1878.469970703125,1870.9000244140625,1874.0
1874.199951171875,1881.449951171875,1870.949951171875,1879.530029296875
1879.02001953125,1880.800048828125,1874.6600341796875,1877.3699951171875
1877.260009765625,1887.510009765625,1876.6300048828125,1881.31005859375
1881.0,1886.5999755859373,1876.699951171875,1886.5999755859373
1886.510009765625,1886.8599853515625,1878.0999755859373,1881.8800048828125
1881.2099609375,1883.6600341796875,1878.260009765625,1882.489990234375
1882.1600341796875,1882.9300537109373,1872.510009765625,1874.260009765625
1873.699951171875,1879.25,1872.010009765625,1876.9200439453125
1877.25,1880.22998046875,1869.719970703125,1874.7900390625
1874.8199462890625,1891.280029296875,1872.510009765625,1890.4000244140625
1891.0,1894.0899658203125,1856.219970703125,1872.0999755859373
1872.3599853515625,1890.989990234375,1865.6500244140625,1886.8900146484373
1886.5899658203125,1922.0999755859373,1882.77001953125,1918.300048828125
1917.9100341796875,1926.530029296875,1912.6600341796875,1924.010009765625
1923.699951171875,1923.699951171875,1892.0,1899.489990234375
1899.97998046875,1912.5999755859373,1899.97998046875,1908.8199462890625
1909.47998046875,1920.1600341796875,1909.280029296875,1919.510009765625
1920.1700439453125,1921.8299560546875,1914.239990234375,1916.1600341796875
1916.300048828125,1926.75,1916.260009765625,1921.8499755859373
1923.1199951171875,1924.6400146484373,1907.8499755859373,1909.760009765625
1909.6400146484373,1920.800048828125,1902.010009765625,1919.9000244140625
1920.1099853515625,1926.2099609375,1914.56005859375,1915.1700439453125
1914.72998046875,1916.010009765625,1902.9000244140625,1903.27001953125
1903.0999755859373,1917.1199951171875,1898.800048828125,1908.4000244140625
1907.9000244140625,1910.5,1888.4100341796875,1890.1600341796875
1890.43994140625,1903.5999755859373,1882.18994140625,1903.0400390625
1903.239990234375,1912.6600341796875,1901.6099853515625,1910.219970703125
1910.22998046875,1918.81005859375,1906.5699462890625,1917.81005859375
1918.5899658203125,1922.27001953125,1911.81005859375,1921.280029296875
1922.0,1922.989990234375,1909.8199462890625,1912.8599853515625
1912.75,1922.56005859375,1912.719970703125,1919.97998046875
1920.0899658203125,1920.199951171875,1908.5799560546875,1909.9300537109373
1909.8399658203125,1914.9000244140625,1908.3800048828125,1913.010009765625
1912.97998046875,1912.97998046875,1901.199951171875,1902.9200439453125
1902.800048828125,1909.0,1896.0699462890625,1907.18994140625
1908.0,1909.06005859375,1888.719970703125,1892.6500244140625
1892.800048828125,1896.0,1884.510009765625,1889.81005859375
1889.530029296875,1896.050048828125,1884.75,1892.56005859375
1892.530029296875,1913.4000244140625,1892.0999755859373,1912.9000244140625
1925.0,1932.0,1892.4000244140625,1918.199951171875
1918.199951171875,1920.4000244140625,1883.31005859375,1886.699951171875
1886.02001953125,1889.3599853515625,1876.6500244140625,1882.010009765625
1881.18994140625,1896.1500244140625,1873.7900390625,1896.1500244140625
1896.1300048828125,1908.8800048828125,1896.1300048828125,1904.6600341796875
1904.760009765625,1910.56005859375,1900.199951171875,1908.530029296875
1908.300048828125,1912.489990234375,1891.699951171875,1895.2900390625
1896.550048828125,1917.9300537109373,1895.1300048828125,1914.43994140625
1914.9000244140625,1917.489990234375,1907.8800048828125,1908.5
1908.5999755859373,1912.6199951171875,1905.199951171875,1907.5400390625
1908.0999755859373,1908.1800537109373,1899.1099853515625,1899.3199462890625
1899.5899658203125,1906.8599853515625,1897.699951171875,1903.800048828125
1903.5999755859373,1904.0999755859373,1896.8299560546875,1898.5999755859373
1898.5999755859373,1905.25,1897.6400146484373,1900.4599609375
1900.989990234375,1914.969970703125,1897.9100341796875,1912.5999755859373
1912.699951171875,1921.0,1911.6099853515625,1915.489990234375
1915.489990234375,1919.280029296875,1914.3499755859373,1915.9100341796875
1916.0799560546875,1923.5,1914.1300048828125,1920.550048828125
1921.77001953125,1924.4300537109373,1917.47998046875,1922.8900146484373
1923.0400390625,1933.8699951171875,1914.8499755859373,1927.8900146484373
1927.4200439453125,1928.1300048828125,1912.0999755859373,1915.6800537109373
1916.1199951171875,1922.1400146484373,1912.3599853515625,1916.699951171875
1917.22998046875,1923.739990234375,1913.81005859375,1917.3399658203125
1917.300048828125,1923.4100341796875,1914.3499755859373,1918.6700439453125
1918.8199462890625,1920.68994140625,1912.9599609375,1914.260009765625
1914.239990234375,1927.47998046875,1913.97998046875,1922.0799560546875
1921.8499755859373,1925.449951171875,1918.3299560546875,1919.56005859375
1919.780029296875,1922.800048828125,1915.6800537109373,1916.8900146484373
1916.1600341796875,1931.510009765625,1914.56005859375,1924.1199951171875
1923.8499755859373,1934.989990234375,1916.3599853515625,1916.8199462890625
1917.3199462890625,1920.6600341796875,1913.5,1914.93994140625
1916.0,1934.0,1905.9300537109373,1908.4000244140625
1907.8399658203125,1910.489990234375,1899.8499755859373,1902.1800537109373
1902.1800537109373,1909.6500244140625,1898.219970703125,1906.81005859375
1906.800048828125,1907.5,1901.4000244140625,1903.9200439453125
1904.010009765625,1907.3699951171875,1899.52001953125,1904.4000244140625
1904.27001953125,1908.9599609375,1898.31005859375,1900.8199462890625
1900.0,1900.6800537109373,1883.6400146484373,1888.1800537109373
1887.47998046875,1891.43994140625,1885.93994140625,1888.6400146484373
1888.780029296875,1889.510009765625,1879.7099609375,1881.949951171875
1881.5,1888.1600341796875,1876.0,1885.1199951171875
1885.6700439453125,1887.93994140625,1880.550048828125,1882.5999755859373
1882.8900146484373,1882.8900146484373,1871.530029296875,1880.550048828125
1880.8499755859373,1888.510009765625,1862.6099853515625,1864.72998046875
1864.1500244140625,1867.4000244140625,1847.219970703125,1857.530029296875
1855.800048828125,1863.9000244140625,1852.0999755859373,1860.56005859375
1860.68994140625,1865.0,1859.0400390625,1862.6300048828125
1862.5400390625,1876.1199951171875,1861.3699951171875,1873.1400146484373
1873.0699462890625,1874.97998046875,1863.0799560546875,1869.8599853515625
1869.6600341796875,1872.3299560546875,1863.43994140625,1866.3199462890625
1865.97998046875,1868.6300048828125,1859.550048828125,1860.4000244140625
1860.1300048828125,1862.8900146484373,1857.3199462890625,1860.0
1860.199951171875,1863.760009765625,1856.9599609375,1859.6300048828125
1859.8499755859373,1863.02001953125,1859.18994140625,1860.5999755859373
1860.9000244140625,1865.6600341796875,1860.4200439453125,1862.8599853515625
1862.8699951171875,1865.5999755859373,1862.8699951171875,1865.1600341796875
1865.1500244140625,1868.199951171875,1864.9200439453125,1866.5
1866.4200439453125,1868.1199951171875,1864.8399658203125,1868.0799560546875
1868.0999755859373,1868.7900390625,1866.1800537109373,1867.9100341796875
1867.9000244140625,1869.280029296875,1863.5799560546875,1865.5799560546875
1865.5799560546875,1869.0999755859373,1864.68994140625,1868.8900146484373
1868.5999755859373,1870.0799560546875,1866.5999755859373,1867.6800537109373
1867.800048828125,1868.3900146484373,1865.800048828125,1867.5999755859373
1867.6300048828125,1868.989990234375,1865.9300537109373,1866.199951171875
1867.300048828125,1867.3399658203125,1861.4100341796875,1865.5799560546875
1865.31005859375,1866.050048828125,1864.1300048828125,1865.18994140625
1866.1600341796875,1868.0999755859373,1865.3499755859373,1867.219970703125
1867.0,1867.780029296875,1865.969970703125,1867.4100341796875
1867.780029296875,1873.43994140625,1867.489990234375,1873.4100341796875
1873.280029296875,1873.699951171875,1868.43994140625,1868.43994140625
1868.260009765625,1871.7099609375,1864.7900390625,1867.18994140625
1867.1199951171875,1868.5999755859373,1856.300048828125,1860.469970703125
1860.239990234375,1861.31005859375,1820.8900146484373,1835.300048828125
1834.5999755859373,1838.6500244140625,1832.4599609375,1835.550048828125
1835.3199462890625,1838.6199951171875,1831.7099609375,1836.6800537109373
1836.5799560546875,1844.1600341796875,1835.1099853515625,1844.030029296875
1844.75,1847.489990234375,1842.93994140625,1845.5
1845.949951171875,1847.300048828125,1841.6099853515625,1843.1600341796875
1843.2099609375,1847.699951171875,1842.010009765625,1844.9599609375
1845.4000244140625,1857.31005859375,1845.199951171875,1855.1099853515625
1855.1800537109373,1881.5699462890625,1854.3599853515625,1875.0
1875.31005859375,1878.699951171875,1872.699951171875,1875.56005859375
1875.72998046875,1880.199951171875,1875.72998046875,1879.2099609375
1879.010009765625,1880.739990234375,1873.3699951171875,1874.56005859375
1874.5999755859373,1876.800048828125,1873.1199951171875,1875.6500244140625
1875.550048828125,1876.8599853515625,1873.699951171875,1874.050048828125
1874.219970703125,1877.0,1865.1700439453125,1866.2099609375
1866.3399658203125,1871.1400146484373,1861.0,1869.1099853515625
1868.8800048828125,1869.3199462890625,1863.56005859375,1866.8499755859373
1866.8299560546875,1867.7900390625,1847.75,1850.800048828125
1851.4000244140625,1858.4000244140625,1851.1700439453125,1855.3900146484373
1854.760009765625,1856.199951171875,1851.0,1853.1300048828125
1852.8499755859373,1856.9200439453125,1850.4599609375,1853.02001953125
1853.06005859375,1859.9599609375,1851.9599609375,1856.989990234375
1857.1800537109373,1863.8299560546875,1853.9599609375,1861.31005859375
1861.22998046875,1868.3699951171875,1860.4200439453125,1866.800048828125
1866.739990234375,1884.22998046875,1866.3900146484373,1873.719970703125
1873.6300048828125,1881.760009765625,1872.7099609375,1880.06005859375
1880.0799560546875,1883.550048828125,1877.68994140625,1881.699951171875
1881.81005859375,1896.1800537109373,1880.1199951171875,1888.3900146484373
1890.93994140625,1895.8499755859373,1879.1500244140625,1879.9100341796875
1879.6099853515625,1883.4000244140625,1874.300048828125,1883.3499755859373
1883.1700439453125,1883.800048828125,1869.6600341796875,1872.0999755859373
1871.0,1873.3299560546875,1863.6099853515625,1864.780029296875
1864.8299560546875,1869.5799560546875,1860.7099609375,1862.050048828125
1861.199951171875,1863.280029296875,1850.3399658203125,1854.739990234375
1854.77001953125,1860.699951171875,1852.4100341796875,1852.5799560546875
1852.719970703125,1858.489990234375,1851.3199462890625,1857.530029296875
1857.56005859375,1858.5699462890625,1844.699951171875,1846.72998046875
1847.0799560546875,1847.68994140625,1838.31005859375,1841.56005859375
1841.2099609375,1843.0999755859373,1827.0,1837.81005859375
1838.0,1851.3800048828125,1836.800048828125,1850.1099853515625
1850.2099609375,1852.1300048828125,1839.4200439453125,1843.6700439453125
1844.0999755859373,1845.3900146484373,1836.0400390625,1837.4000244140625
1837.1199951171875,1843.0,1834.280029296875,1841.22998046875
1841.3299560546875,1857.800048828125,1836.18994140625,1856.9200439453125
1856.719970703125,1871.8699951171875,1849.199951171875,1871.800048828125
1871.9300537109373,1871.9300537109373,1858.4300537109373,1861.260009765625
1861.9000244140625,1870.489990234375,1859.8299560546875,1864.3199462890625
1864.2900390625,1872.6700439453125,1861.6800537109373,1867.1300048828125
1867.1300048828125,1872.2900390625,1864.800048828125,1867.0
1867.550048828125,1874.4000244140625,1866.5899658203125,1868.5699462890625
1868.4599609375,1874.510009765625,1865.2099609375,1867.52001953125
1867.5400390625,1867.68994140625,1861.9300537109373,1861.93994140625
1862.1099853515625,1864.2900390625,1851.3599853515625,1858.6600341796875
1858.6800537109373,1858.8299560546875,1854.4000244140625,1858.6700439453125
1858.9599609375,1861.4300537109373,1847.06005859375,1848.93994140625
1849.2900390625,1867.68994140625,1847.6400146484373,1865.5999755859373
1866.8499755859373,1869.9000244140625,1860.219970703125,1864.3399658203125
1864.31005859375,1865.030029296875,1856.68994140625,1862.4599609375
1862.5999755859373,1872.6800537109373,1860.3399658203125,1866.18994140625
1866.4599609375,1868.3399658203125,1862.3299560546875,1862.6600341796875
1862.6400146484373,1867.050048828125,1853.2099609375,1855.22998046875
1855.219970703125,1862.72998046875,1851.43994140625,1862.010009765625
1862.010009765625,1863.800048828125,1855.0400390625,1855.760009765625
1855.530029296875,1856.6800537109373,1851.449951171875,1856.6700439453125
1856.4000244140625,1870.719970703125,1851.9000244140625,1864.9100341796875
1865.18994140625,1872.8299560546875,1864.2900390625,1870.9000244140625
1870.9300537109373,1879.8199462890625,1866.3499755859373,1873.510009765625
1873.300048828125,1875.7900390625,1857.699951171875,1859.5899658203125
1859.6300048828125,1873.8900146484373,1856.530029296875,1871.1199951171875
1871.6700439453125,1876.1199951171875,1860.2900390625,1871.4100341796875
1871.9000244140625,1871.9000244140625,1864.010009765625,1868.239990234375
1868.780029296875,1876.300048828125,1865.47998046875,1868.050048828125
1868.0400390625,1879.5,1868.0400390625,1873.9000244140625
1873.72998046875,1880.0799560546875,1872.510009765625,1873.52001953125
1873.9000244140625,1878.449951171875,1865.0,1875.199951171875
1875.3499755859373,1875.3499755859373,1870.3299560546875,1870.68994140625
1870.5799560546875,1875.5799560546875,1867.2900390625,1874.18994140625
1874.3499755859373,1879.6099853515625,1867.510009765625,1868.3900146484373
1868.31005859375,1872.0,1862.0999755859373,1862.469970703125
1862.5899658203125,1873.0,1859.81005859375,1871.8800048828125
1872.199951171875,1876.489990234375,1870.989990234375,1872.97998046875
1872.9000244140625,1874.6700439453125,1863.0,1866.1400146484373
1866.1400146484373,1867.989990234375,1863.469970703125,1865.8199462890625
1865.530029296875,1875.77001953125,1865.530029296875,1871.8800048828125
1871.6400146484373,1872.0400390625,1866.5999755859373,1868.25
1868.27001953125,1870.6099853515625,1861.7900390625,1870.6099853515625
1870.93994140625,1872.6700439453125,1866.0799560546875,1868.0899658203125
1868.0999755859373,1873.0699462890625,1867.02001953125,1870.3299560546875
1870.3299560546875,1874.31005859375,1864.6099853515625,1866.719970703125
1866.56005859375,1869.4100341796875,1865.75,1867.1099853515625
1866.93994140625,1883.18994140625,1865.6199951171875,1874.5699462890625
1875.3299560546875,1878.030029296875,1854.31005859375,1878.030029296875
1876.7900390625,1881.0,1867.68994140625,1874.510009765625
1874.530029296875,1881.510009765625,1871.3199462890625,1872.4100341796875
1872.280029296875,1895.06005859375,1872.06005859375,1893.949951171875
1894.43994140625,1915.81005859375,1889.4000244140625,1914.5
1914.5,1926.0999755859373,1912.280029296875,1916.760009765625
1915.81005859375,1919.75,1914.0899658203125,1915.6199951171875
1916.25,1923.1600341796875,1915.25,1915.56005859375
1915.6400146484373,1915.8900146484373,1905.3299560546875,1906.9200439453125
1907.280029296875,1911.75,1904.989990234375,1905.27001953125
1905.199951171875,1910.4300537109373,1903.0,1907.2900390625
1907.75,1911.969970703125,1905.550048828125,1908.550048828125
1908.3699951171875,1909.4599609375,1901.27001953125,1904.93994140625
1904.280029296875,1909.0,1893.2900390625,1897.4100341796875
1897.4000244140625,1897.56005859375,1893.5400390625,1897.219970703125
1896.8499755859373,1906.550048828125,1893.9599609375,1906.0899658203125
1906.2099609375,1916.8199462890625,1905.5999755859373,1912.469970703125
1911.8800048828125,1912.9200439453125,1907.6600341796875,1911.6700439453125
1911.6800537109373,1913.199951171875,1905.3499755859373,1907.1199951171875
1907.969970703125,1917.1700439453125,1906.8399658203125,1914.199951171875
1914.260009765625,1914.75,1902.9100341796875,1905.6600341796875
1905.6600341796875,1905.6600341796875,1899.469970703125,1900.739990234375
1900.52001953125,1907.3399658203125,1894.8399658203125,1905.8399658203125
1905.8199462890625,1905.969970703125,1896.43994140625,1896.75
1896.8199462890625,1909.199951171875,1890.52001953125,1905.8399658203125
1905.6500244140625,1916.1600341796875,1901.9100341796875,1913.239990234375
1913.530029296875,1918.1099853515625,1909.050048828125,1909.1099853515625
1909.6199951171875,1914.760009765625,1906.93994140625,1914.010009765625
1914.510009765625,1916.72998046875,1908.800048828125,1912.43994140625
1912.52001953125,1912.5999755859373,1902.43994140625,1904.4300537109373
1904.800048828125,1910.0,1904.239990234375,1908.5699462890625
1908.699951171875,1909.5,1904.4300537109373,1905.6600341796875
1905.6500244140625,1908.0,1904.3299560546875,1904.5799560546875
1904.800048828125,1906.0,1900.8900146484373,1903.719970703125
1903.3299560546875,1904.3699951171875,1897.1300048828125,1902.4200439453125
1902.030029296875,1903.800048828125,1898.18994140625,1902.18994140625
1902.2900390625,1905.8199462890625,1897.52001953125,1901.780029296875
1901.4000244140625,1906.8599853515625,1896.510009765625,1900.97998046875
1900.8499755859373,1902.1300048828125,1895.1300048828125,1895.6800537109373
1895.280029296875,1899.0999755859373,1892.72998046875,1895.6500244140625
1895.6500244140625,1900.739990234375,1893.8699951171875,1899.9200439453125
1899.7099609375,1906.06005859375,1898.5999755859373,1903.0400390625
1902.800048828125,1905.780029296875,1900.9300537109373,1900.9300537109373
1900.4599609375,1912.4000244140625,1900.4599609375,1909.3599853515625
1909.27001953125,1916.260009765625,1909.0,1911.7900390625
1912.300048828125,1914.4599609375,1911.2900390625,1911.4300537109373
1911.4200439453125,1919.449951171875,1911.4200439453125,1914.8900146484373
1914.9000244140625,1938.8800048828125,1914.9000244140625,1930.989990234375
1931.4000244140625,1933.5,1920.3599853515625,1921.9000244140625
1922.18994140625,1925.2099609375,1909.4300537109373,1912.1099853515625
1911.760009765625,1919.68994140625,1911.3499755859373,1916.5899658203125
1917.0799560546875,1923.8699951171875,1908.0899658203125,1908.0899658203125
1908.1600341796875,1911.6700439453125,1904.6600341796875,1911.2099609375
1911.010009765625,1914.2900390625,1904.8599853515625,1908.8399658203125
1909.3299560546875,1919.27001953125,1908.97998046875,1917.8399658203125
1918.1800537109373,1919.3800048828125,1913.2900390625,1913.8599853515625
1913.7099609375,1919.0,1911.4000244140625,1915.489990234375
1915.0999755859373,1915.6400146484373,1912.989990234375,1913.989990234375
1913.989990234375,1915.3299560546875,1913.02001953125,1913.1500244140625
1913.1600341796875,1914.06005859375,1911.5899658203125,1913.5699462890625
1913.3299560546875,1915.2900390625,1913.280029296875,1913.719970703125
1913.719970703125,1913.8299560546875,1911.6300048828125,1912.4599609375
1912.489990234375,1918.3900146484373,1912.489990234375,1917.1099853515625
1917.1099853515625,1918.52001953125,1915.2099609375,1916.2099609375
1916.1800537109373,1917.949951171875,1914.81005859375,1916.5699462890625
1916.739990234375,1917.0999755859373,1915.3299560546875,1915.550048828125
1915.760009765625,1915.969970703125,1913.2099609375,1914.27001953125
1914.260009765625,1916.9000244140625,1913.6700439453125,1915.8800048828125
1915.989990234375,1921.8499755859373,1915.0999755859373,1917.719970703125
1917.72998046875,1921.6600341796875,1917.719970703125,1919.989990234375
1920.0,1921.3299560546875,1918.199951171875,1919.6099853515625
1919.6099853515625,1921.0,1917.6099853515625,1918.0999755859373
1918.1800537109373,1919.530029296875,1917.3900146484373,1918.949951171875
1918.9000244140625,1924.8399658203125,1918.9000244140625,1922.5999755859373
1922.6500244140625,1923.2900390625,1920.239990234375,1921.239990234375
1921.22998046875,1923.5899658203125,1920.4300537109373,1921.4200439453125
1921.510009765625,1924.8900146484373,1920.9100341796875,1922.47998046875
1922.47998046875,1922.47998046875,1918.52001953125,1920.1099853515625
1920.0999755859373,1920.280029296875,1918.4000244140625,1919.1600341796875
1918.6099853515625,1919.9100341796875,1918.4100341796875,1918.8399658203125
1918.77001953125,1920.989990234375,1918.6300048828125,1919.239990234375
1919.719970703125,1919.9100341796875,1915.3199462890625,1915.43994140625
1914.9300537109373,1917.4300537109373,1913.3499755859373,1915.4200439453125
1915.3800048828125,1917.06005859375,1914.9200439453125,1916.510009765625
1916.199951171875,1918.6199951171875,1911.9000244140625,1914.739990234375
1914.6500244140625,1915.31005859375,1912.3399658203125,1913.4599609375
1913.1600341796875,1913.4100341796875,1911.300048828125,1912.699951171875
1912.699951171875,1914.260009765625,1911.52001953125,1911.8399658203125
1911.7900390625,1913.699951171875,1911.68994140625,1913.1500244140625
1913.1500244140625,1918.02001953125,1912.72998046875,1917.7099609375
1917.6700439453125,1917.9000244140625,1915.5899658203125,1917.5
1917.6199951171875,1923.4000244140625,1912.8299560546875,1914.47998046875
1914.300048828125,1919.9000244140625,1912.010009765625,1919.8299560546875
1919.8399658203125,1921.0999755859373,1918.199951171875,1918.719970703125
1918.800048828125,1919.8599853515625,1917.1199951171875,1917.9300537109373
1917.97998046875,1917.989990234375,1915.280029296875,1916.27001953125
1916.280029296875,1924.280029296875,1916.280029296875,1921.989990234375
1921.989990234375,1924.8900146484373,1921.1700439453125,1923.489990234375
1923.6700439453125,1925.0,1922.7099609375,1924.6400146484373
1924.8299560546875,1924.93994140625,1920.2099609375,1922.719970703125
1922.699951171875,1923.760009765625,1921.6700439453125,1921.6700439453125
1921.6700439453125,1922.5699462890625,1919.1800537109373,1920.0999755859373
1920.1300048828125,1921.22998046875,1919.81005859375,1920.5799560546875
1920.5699462890625,1920.9300537109373,1916.7099609375,1919.780029296875
1919.7900390625,1924.93994140625,1918.5999755859373,1923.219970703125
1923.9599609375,1935.9000244140625,1914.0,1918.280029296875
1917.800048828125,1919.0899658203125,1906.4100341796875,1909.0899658203125
1908.3499755859373,1924.8800048828125,1904.5999755859373,1911.0699462890625
1911.31005859375,1929.199951171875,1906.530029296875,1923.9200439453125
1924.68994140625,1924.800048828125,1911.31005859375,1920.9000244140625
1922.5899658203125,1923.0,1912.1500244140625,1915.8399658203125
1915.510009765625,1919.47998046875,1911.3599853515625,1914.1199951171875
1913.760009765625,1923.510009765625,1913.760009765625,1921.6300048828125
1922.239990234375,1927.5899658203125,1921.6500244140625,1926.489990234375
1927.0,1929.27001953125,1923.239990234375,1923.97998046875
1923.969970703125,1928.2099609375,1921.760009765625,1925.199951171875
1924.800048828125,1925.56005859375,1914.4000244140625,1914.9000244140625
1914.7099609375,1919.1199951171875,1914.3199462890625,1915.989990234375
1916.06005859375,1919.300048828125,1912.9599609375,1918.5
1918.489990234375,1921.4200439453125,1903.5400390625,1904.6400146484373
1904.0400390625,1908.81005859375,1892.969970703125,1895.699951171875
1895.1099853515625,1900.5999755859373,1890.25,1891.6199951171875
1890.3499755859373,1890.530029296875,1870.030029296875,1875.02001953125
1874.27001953125,1877.0999755859373,1867.010009765625,1870.3399658203125
1870.3399658203125,1875.489990234375,1866.800048828125,1871.8699951171875
1871.949951171875,1873.260009765625,1866.199951171875,1870.7099609375
1870.739990234375,1878.8199462890625,1870.739990234375,1876.6400146484373
1876.280029296875,1879.4100341796875,1875.550048828125,1877.81005859375
1877.72998046875,1877.72998046875,1871.8800048828125,1872.5400390625
1873.1199951171875,1876.449951171875,1870.3299560546875,1874.530029296875
1874.489990234375,1874.530029296875,1868.4599609375,1871.260009765625
1871.3399658203125,1874.280029296875,1869.25,1873.510009765625
1873.300048828125,1876.8599853515625,1871.449951171875,1876.1500244140625
1876.1500244140625,1877.3299560546875,1875.4200439453125,1876.8199462890625
1876.8299560546875,1880.010009765625,1876.8199462890625,1879.0799560546875
1879.0899658203125,1880.1700439453125,1874.4300537109373,1874.4300537109373
1874.18994140625,1875.280029296875,1870.02001953125,1872.1400146484373
1872.0699462890625,1873.2900390625,1869.56005859375,1872.5
1872.510009765625,1877.489990234375,1868.9000244140625,1876.010009765625
1876.1800537109373,1878.6300048828125,1873.8299560546875,1877.5799560546875
1877.5699462890625,1883.7900390625,1875.5999755859373,1883.7900390625
1883.4300537109373,1887.0400390625,1881.510009765625,1884.6099853515625
1885.219970703125,1893.97998046875,1884.7099609375,1891.4200439453125
1891.800048828125,1895.9200439453125,1885.6600341796875,1886.3199462890625
1886.0,1890.6300048828125,1882.0400390625,1888.31005859375
1888.0999755859373,1889.7900390625,1868.56005859375,1871.8599853515625
1871.8900146484373,1875.989990234375,1853.199951171875,1861.199951171875
1861.199951171875,1865.5899658203125,1858.25,1863.18994140625
1863.469970703125,1866.1199951171875,1861.0799560546875,1862.739990234375
1862.6099853515625,1864.93994140625,1859.31005859375,1864.3900146484373
1864.4200439453125,1882.43994140625,1861.050048828125,1879.68994140625
1880.5999755859373,1883.8800048828125,1876.8900146484373,1880.47998046875
1880.3299560546875,1883.6300048828125,1878.6700439453125,1883.0
1883.199951171875,1885.6600341796875,1877.800048828125,1880.6300048828125
1880.4000244140625,1882.75,1877.219970703125,1880.719970703125
1880.6099853515625,1881.8699951171875,1878.9200439453125,1880.760009765625
1880.800048828125,1884.9599609375,1879.52001953125,1882.9200439453125
1883.5,1886.260009765625,1881.7900390625,1882.77001953125
1882.81005859375,1885.6400146484373,1881.0799560546875,1884.9599609375
1885.1300048828125,1891.3599853515625,1883.6400146484373,1887.800048828125
1887.800048828125,1890.8199462890625,1885.02001953125,1890.199951171875
1889.949951171875,1889.949951171875,1883.6800537109373,1885.9000244140625
1886.25,1890.0799560546875,1884.6800537109373,1890.010009765625
1889.8900146484373,1894.31005859375,1888.9100341796875,1889.1199951171875
1889.1099853515625,1907.800048828125,1888.1500244140625,1904.1500244140625
1904.6300048828125,1913.2900390625,1904.199951171875,1907.5
1907.47998046875,1914.3599853515625,1905.8399658203125,1913.9100341796875
1914.6199951171875,1921.9300537109373,1903.989990234375,1909.8299560546875
1909.8699951171875,1910.43994140625,1898.6600341796875,1899.5400390625
1898.989990234375,1901.9000244140625,1883.47998046875,1884.969970703125
1885.72998046875,1894.3900146484373,1882.9599609375,1890.699951171875
1890.4599609375,1893.8499755859373,1887.25,1888.81005859375
1888.8399658203125,1889.8800048828125,1883.260009765625,1886.02001953125
1885.56005859375,1889.02001953125,1883.3499755859373,1883.449951171875
1883.0,1884.780029296875,1875.760009765625,1877.1700439453125
1877.06005859375,1885.489990234375,1875.8900146484373,1884.5999755859373
1884.5899658203125,1887.2099609375,1872.6400146484373,1876.0400390625
1875.3299560546875,1879.31005859375,1873.780029296875,1876.550048828125
1876.4200439453125,1878.3299560546875,1873.0799560546875,1877.6800537109373
1877.530029296875,1882.800048828125,1875.4000244140625,1878.260009765625
1878.1199951171875,1880.93994140625,1873.31005859375,1876.1400146484373
1875.9599609375,1881.18994140625,1871.3599853515625,1879.989990234375
1879.8699951171875,1886.780029296875,1879.530029296875,1885.5699462890625
1885.68994140625,1892.68994140625,1883.4200439453125,1890.3299560546875
1890.25,1897.800048828125,1889.77001953125,1893.9100341796875
1893.9100341796875,1896.8199462890625,1890.22998046875,1896.8199462890625
1896.8900146484373,1896.8900146484373,1893.449951171875,1893.8699951171875
1894.0,1895.4000244140625,1886.760009765625,1888.2900390625
1888.300048828125,1888.9100341796875,1879.6800537109373,1887.77001953125
1888.3900146484373,1888.3900146484373,1880.199951171875,1881.0699462890625
1880.780029296875,1881.6400146484373,1873.4100341796875,1878.3499755859373
1878.1199951171875,1887.8900146484373,1877.0400390625,1887.0400390625
1887.47998046875,1893.68994140625,1884.989990234375,1888.3900146484373
1888.550048828125,1895.469970703125,1886.5799560546875,1891.2099609375
1891.800048828125,1894.260009765625,1878.3900146484373,1878.3900146484373
1878.9100341796875,1883.1300048828125,1861.9100341796875,1872.6600341796875
1872.9000244140625,1878.97998046875,1871.699951171875,1874.9300537109373
1875.0400390625,1885.300048828125,1874.6199951171875,1883.5699462890625
1883.8699951171875,1890.7900390625,1883.199951171875,1885.31005859375
1885.75,1887.760009765625,1883.530029296875,1884.4200439453125
1884.0699462890625,1887.6400146484373,1883.97998046875,1886.97998046875
1887.2900390625,1891.050048828125,1886.760009765625,1887.72998046875
1887.8299560546875,1887.8299560546875,1882.9000244140625,1884.6099853515625
1884.8299560546875,1887.780029296875,1882.0999755859373,1887.6600341796875
1887.739990234375,1888.510009765625,1883.1199951171875,1887.81005859375
1887.8299560546875,1889.489990234375,1884.280029296875,1884.8299560546875
1884.780029296875,1887.4200439453125,1880.72998046875,1881.260009765625
1881.0,1886.1400146484373,1880.3699951171875,1882.97998046875
1882.97998046875,1883.780029296875,1878.6700439453125,1882.0899658203125
1882.2099609375,1882.2099609375,1870.93994140625,1870.93994140625
1870.9300537109373,1876.3299560546875,1870.4300537109373,1871.1800537109373
1871.25,1876.219970703125,1867.43994140625,1876.1400146484373
1876.8499755859373,1876.8499755859373,1869.199951171875,1871.06005859375
1870.739990234375,1876.0799560546875,1870.3699951171875,1873.93994140625
1873.8199462890625,1878.8399658203125,1872.8599853515625,1876.31005859375
1876.5,1877.469970703125,1870.8900146484373,1871.22998046875
1871.6500244140625,1871.800048828125,1864.52001953125,1867.3199462890625
1867.550048828125,1871.3900146484373,1862.18994140625,1864.9300537109373
1864.9100341796875,1882.6400146484373,1864.18994140625,1879.239990234375
1879.2099609375,1886.1300048828125,1877.31005859375,1883.3699951171875
1883.6400146484373,1885.8299560546875,1874.6300048828125,1876.6300048828125
1876.6600341796875,1877.0400390625,1871.699951171875,1873.6300048828125
1873.530029296875,1880.2900390625,1871.6800537109373,1878.9200439453125
1879.2900390625,1879.9000244140625,1876.8699951171875,1878.56005859375
1878.5699462890625,1879.449951171875,1875.5,1877.530029296875
1877.3199462890625,1879.1800537109373,1874.5,1877.8800048828125
1877.8599853515625,1880.8599853515625,1876.9100341796875,1880.4100341796875
1880.5,1881.719970703125,1879.8399658203125,1880.68994140625
1880.6800537109373,1882.97998046875,1879.27001953125,1882.260009765625
1882.2900390625,1884.0699462890625,1882.239990234375,1883.1199951171875
1883.25,1884.8399658203125,1880.8599853515625,1880.8900146484373
1881.1800537109373,1883.7900390625,1881.0799560546875,1882.5799560546875
1882.4300537109373,1883.25,1877.739990234375,1878.9599609375
1879.06005859375,1881.719970703125,1878.0899658203125,1880.3599853515625
1880.3299560546875,1880.7900390625,1878.219970703125,1878.56005859375
1878.510009765625,1879.7099609375,1874.7099609375,1875.0999755859373
1875.3299560546875,1879.239990234375,1873.77001953125,1878.4100341796875
1878.5999755859373,1879.449951171875,1876.22998046875,1879.1600341796875
1878.949951171875,1879.4000244140625,1877.1700439453125,1877.2900390625
1877.1400146484373,1881.780029296875,1876.2099609375,1881.56005859375
1881.260009765625,1882.8399658203125,1880.2900390625,1881.5
1881.5,1882.6099853515625,1879.43994140625,1881.47998046875
1881.3699951171875,1883.8900146484373,1880.949951171875,1882.8900146484373
1883.010009765625,1883.81005859375,1881.72998046875,1883.0899658203125
1882.8499755859373,1884.3699951171875,1880.9599609375,1882.4000244140625
1882.4100341796875,1883.7900390625,1880.56005859375,1880.8699951171875
1880.800048828125,1882.8800048828125,1880.6400146484373,1882.3599853515625
1882.3599853515625,1882.530029296875,1880.719970703125,1881.3299560546875
1881.31005859375,1883.6400146484373,1881.31005859375,1883.1300048828125
1883.1400146484373,1883.77001953125,1882.239990234375,1882.5799560546875
1882.6800537109373,1882.75,1880.0,1880.9599609375
1880.8800048828125,1881.510009765625,1879.81005859375,1880.6500244140625
1880.22998046875,1880.3800048828125,1875.1700439453125,1878.6199951171875
1878.3800048828125,1883.1600341796875,1877.0999755859373,1881.7900390625
1881.8800048828125,1882.3199462890625,1880.8900146484373,1881.010009765625
1881.02001953125,1882.6800537109373,1879.0,1879.949951171875
1879.9000244140625,1880.1800537109373,1877.5899658203125,1878.1199951171875
1878.18994140625,1879.81005859375,1877.010009765625,1878.6600341796875
1878.6600341796875,1879.8599853515625,1877.949951171875,1879.300048828125
1879.300048828125,1879.5999755859373,1878.4000244140625,1878.8299560546875
1878.9200439453125,1880.27001953125,1877.1400146484373,1878.1400146484373
1878.1400146484373,1879.1300048828125,1877.6300048828125,1878.760009765625
1878.760009765625,1879.1300048828125,1877.9100341796875,1878.9100341796875
1878.9000244140625,1878.9000244140625,1877.3499755859373,1877.75
1877.760009765625,1879.9100341796875,1877.75,1879.9100341796875
1879.9200439453125,1882.510009765625,1879.9200439453125,1881.3800048828125
1881.5699462890625,1882.969970703125,1880.6400146484373,1882.010009765625
1882.02001953125,1889.989990234375,1882.02001953125,1887.5899658203125
1888.199951171875,1888.56005859375,1882.0899658203125,1883.1199951171875
1883.3800048828125,1884.449951171875,1880.760009765625,1883.68994140625
1883.699951171875,1886.8900146484373,1882.7099609375,1884.1500244140625
1884.3199462890625,1885.5899658203125,1879.7099609375,1880.0999755859373
1879.699951171875,1881.1400146484373,1868.6500244140625,1873.719970703125
1873.260009765625,1876.1400146484373,1867.3199462890625,1874.0799560546875
1873.3499755859373,1875.6099853515625,1871.510009765625,1874.1300048828125
1874.0999755859373,1877.93994140625,1870.6099853515625,1876.77001953125
1876.3199462890625,1895.25,1876.3199462890625,1889.52001953125
1890.9000244140625,1904.77001953125,1886.68994140625,1900.4000244140625
1901.9300537109373,1902.06005859375,1896.02001953125,1899.06005859375
1899.3599853515625,1902.9599609375,1899.3599853515625,1901.780029296875
1901.6199951171875,1902.260009765625,1896.4100341796875,1897.7900390625
1897.7900390625,1910.199951171875,1896.1400146484373,1905.1400146484373
1905.81005859375,1905.81005859375,1899.0999755859373,1899.1400146484373
1899.25,1899.9599609375,1889.68994140625,1892.3699951171875
1892.3900146484373,1895.4599609375,1891.1700439453125,1891.969970703125
1891.9200439453125,1907.2900390625,1890.0899658203125,1905.0400390625
1904.8800048828125,1906.6500244140625,1902.0799560546875,1902.7099609375
1902.7900390625,1904.760009765625,1895.06005859375,1896.93994140625
1896.949951171875,1906.6099853515625,1893.8800048828125,1902.8699951171875
1903.010009765625,1908.77001953125,1896.300048828125,1907.699951171875
1907.6700439453125,1913.5899658203125,1902.9000244140625,1911.4599609375
1912.1300048828125,1912.1300048828125,1903.760009765625,1905.3599853515625
1905.4100341796875,1912.6700439453125,1902.949951171875,1907.1800537109373
1907.02001953125,1911.1500244140625,1905.5999755859373,1908.4100341796875
1907.9599609375,1909.4000244140625,1904.989990234375,1905.6300048828125
1905.8699951171875,1908.9599609375,1903.27001953125,1904.8800048828125
1905.1800537109373,1907.22998046875,1904.3299560546875,1904.75
1905.2900390625,1906.47998046875,1901.9100341796875,1902.760009765625
1902.9599609375,1917.06005859375,1902.280029296875,1911.93994140625
1912.510009765625,1912.800048828125,1907.1500244140625,1908.0799560546875
1908.3599853515625,1908.6500244140625,1898.1700439453125,1899.9000244140625
1899.4300537109373,1901.9300537109373,1888.010009765625,1891.3900146484373
1891.4200439453125,1893.8299560546875,1884.3399658203125,1892.8900146484373
1892.6600341796875,1895.81005859375,1889.6800537109373,1894.77001953125
1894.5899658203125,1896.9100341796875,1891.0400390625,1893.9000244140625
1893.719970703125,1905.1700439453125,1891.6800537109373,1901.3299560546875
1901.22998046875,1901.6099853515625,1895.5999755859373,1896.93994140625
1896.8599853515625,1900.02001953125,1892.1199951171875,1898.3800048828125
1897.72998046875,1898.0899658203125,1893.510009765625,1894.800048828125
1894.97998046875,1897.0999755859373,1893.2900390625,1896.0899658203125
1895.56005859375,1903.8199462890625,1895.56005859375,1901.2099609375
1901.1099853515625,1902.0,1897.3199462890625,1897.6500244140625
1897.199951171875,1898.280029296875,1892.0699462890625,1896.0
1896.4599609375,1922.1199951171875,1895.47998046875,1909.75
1910.0999755859373,1918.260009765625,1907.0999755859373,1916.469970703125
1916.97998046875,1921.489990234375,1911.5999755859373,1917.3800048828125
1917.5,1917.5,1910.1300048828125,1910.22998046875
1909.760009765625,1916.4599609375,1909.760009765625,1915.31005859375
1915.0,1916.3399658203125,1911.7900390625,1912.199951171875
1912.699951171875,1914.5,1910.3699951171875,1911.52001953125
1911.43994140625,1913.760009765625,1909.8199462890625,1910.969970703125
1910.56005859375,1914.050048828125,1910.4200439453125,1912.239990234375
1911.7099609375,1919.0,1911.699951171875,1916.739990234375
1916.739990234375,1917.93994140625,1910.8299560546875,1912.2099609375
1912.030029296875,1916.800048828125,1910.8399658203125,1912.280029296875
1912.010009765625,1912.550048828125,1905.969970703125,1906.280029296875
1906.300048828125,1913.9599609375,1904.8900146484373,1910.4100341796875
1910.4100341796875,1913.0799560546875,1908.5899658203125,1909.1099853515625
1909.0799560546875,1912.52001953125,1908.3499755859373,1908.699951171875
1909.4100341796875,1916.1300048828125,1904.81005859375,1916.0899658203125
1916.6700439453125,1919.77001953125,1913.9000244140625,1914.4599609375
1914.300048828125,1928.3900146484373,1913.6300048828125,1920.0999755859373
1920.239990234375,1922.47998046875,1916.43994140625,1917.6300048828125
1917.6199951171875,1918.800048828125,1915.739990234375,1918.510009765625
1918.27001953125,1924.8399658203125,1918.1600341796875,1921.550048828125
1921.5400390625,1941.1800537109373,1920.8499755859373,1935.699951171875
1935.6099853515625,1939.4200439453125,1927.0,1931.31005859375
1932.1099853515625,1976.719970703125,1931.550048828125,1968.5999755859373
1971.0999755859373,2104.6298828125,1966.1300048828125,2085.35009765625
2085.360107421875,2106.429931640625,2081.739990234375,2088.77001953125
2088.969970703125,2091.969970703125,2068.300048828125,2090.6201171875
2091.320068359375,2091.9599609375,2079.0,2091.6201171875
2091.27001953125,2105.260009765625,2088.5,2101.929931640625
2102.580078125,2235.64990234375,2101.43994140625,2218.300048828125
2221.469970703125,2334.14990234375,2216.199951171875,2285.47998046875
2286.1201171875,2289.0400390625,2242.0400390625,2248.820068359375
2249.22998046875,2259.97998046875,2242.3701171875,2252.050048828125
2251.68994140625,2272.6201171875,2250.969970703125,2261.139892578125
2259.75,2269.5400390625,2248.919921875,2265.449951171875
2265.580078125,2269.320068359375,2248.4599609375,2250.780029296875
2250.360107421875,2254.919921875,2221.5400390625,2249.169921875
2249.27001953125,2256.27001953125,2247.25,2248.550048828125
2248.550048828125,2255.1201171875,2242.080078125,2246.75
2246.159912109375,2265.5400390625,2237.510009765625,2261.10009765625
2260.860107421875,2262.1201171875,2243.179931640625,2250.18994140625
2250.199951171875,2284.3701171875,2247.639892578125,2280.0
2280.409912109375,2296.10009765625,2273.800048828125,2276.949951171875
2277.409912109375,2292.949951171875,2274.8798828125,2285.139892578125
2284.739990234375,2317.050048828125,2280.75,2294.820068359375
2295.3701171875,2298.820068359375,2267.56005859375,2288.60009765625
2288.969970703125,2296.199951171875,2256.010009765625,2274.5
2274.60009765625,2287.699951171875,2269.77001953125,2279.909912109375
2280.14990234375,2334.510009765625,2279.97998046875,2325.93994140625
2325.68994140625,2357.889892578125,2313.5400390625,2343.199951171875
2342.5,2349.8798828125,2331.760009765625,2343.52001953125
2343.89990234375,2347.1201171875,2310.2099609375,2315.85009765625
2316.52001953125,2332.340087890625,2311.610107421875,2322.14990234375
2323.780029296875,2330.8701171875,2313.93994140625,2317.909912109375
2317.719970703125,2324.93994140625,2313.010009765625,2318.449951171875
2318.449951171875,2318.800048828125,2307.610107421875,2313.659912109375
2313.6298828125,2337.969970703125,2312.8701171875,2326.35009765625
2326.60009765625,2349.909912109375,2324.72998046875,2340.239990234375
2339.47998046875,2379.0,2337.0,2358.199951171875
2358.85009765625,2363.909912109375,2343.18994140625,2344.669921875
2345.3701171875,2353.5400390625,2337.14990234375,2340.030029296875
2341.18994140625,2354.89990234375,2341.18994140625,2353.030029296875
2353.0,2367.31005859375,2348.889892578125,2367.31005859375
2365.800048828125,2378.010009765625,2354.139892578125,2371.280029296875
2371.260009765625,2396.780029296875,2367.800048828125,2369.7900390625
2371.469970703125,2447.090087890625,2370.409912109375,2444.14990234375
2445.22998046875,2445.22998046875,2376.89990234375,2403.60009765625
2403.39990234375,2411.27001953125,2390.800048828125,2394.969970703125
2396.02001953125,2397.429931640625,2357.18994140625,2369.5
2370.219970703125,2396.14990234375,2364.60009765625,2387.56005859375
2388.39990234375,2405.39990234375,2369.06005859375,2388.260009765625
2386.449951171875,2396.669921875,2369.0,2393.159912109375
2393.590087890625,2407.89990234375,2390.669921875,2392.889892578125
2393.5,2411.97998046875,2383.800048828125,2405.080078125
2405.0400390625,2427.280029296875,2402.10009765625,2423.1201171875
2423.389892578125,2431.169921875,2395.2900390625,2419.6201171875
2420.31005859375,2420.31005859375,2407.02001953125,2413.2099609375
2414.6298828125,2447.409912109375,2408.280029296875,2440.47998046875
2440.330078125,2520.0,2434.56005859375,2513.7099609375
2513.320068359375,2545.659912109375,2507.300048828125,2521.179931640625
2522.830078125,2545.159912109375,2510.0400390625,2516.179931640625
2515.820068359375,2522.60009765625,2492.139892578125,2521.81005859375
2521.85009765625,2528.389892578125,2508.239990234375,2508.239990234375
2507.9599609375,2522.090087890625,2497.260009765625,2515.469970703125
2515.3798828125,2526.43994140625,2512.47998046875,2514.659912109375
2515.030029296875,2529.219970703125,2505.889892578125,2514.81005859375
2513.81005859375,2518.199951171875,2387.93994140625,2440.239990234375
2439.360107421875,2443.389892578125,2413.27001953125,2437.56005859375
2437.199951171875,2447.25,2426.419921875,2432.760009765625
2433.75,2440.780029296875,2412.68994140625,2425.510009765625
2425.5,2428.909912109375,2413.300048828125,2421.68994140625
2421.719970703125,2422.22998046875,2389.9599609375,2412.85009765625
2412.56005859375,2426.72998046875,2405.260009765625,2424.02001953125
2423.77001953125,2437.929931640625,2419.330078125,2428.39990234375
2428.64990234375,2429.75,2422.090087890625,2427.360107421875
1664.9100341796875,1672.1600341796875,1664.9100341796875,1669.1099853515625
1668.9000244140625,1677.4000244140625,1663.8499755859375,1670.5
1670.8299560546875,1671.530029296875,1661.31005859375,1661.75
1662.5999755859375,1667.52001953125,1656.0,1664.5999755859375
1664.719970703125,1668.739990234375,1656.0899658203125,1666.6600341796875
1667.6700439453125,1676.8699951171875,1665.6700439453125,1672.1500244140625
1672.3199462890625,1674.550048828125,1668.3800048828125,1672.4100341796875
1672.68994140625,1676.0899658203125,1668.6099853515625,1670.6500244140625
1671.02001953125,1673.1600341796875,1666.9200439453125,1671.0400390625
1671.0,1671.199951171875,1663.0999755859375,1664.6600341796875
1664.9000244140625,1665.6800537109375,1660.9100341796875,1661.510009765625
1661.469970703125,1687.02001953125,1653.5699462890625,1676.8800048828125
1677.199951171875,1678.75,1668.4100341796875,1669.3699951171875
1670.010009765625,1670.010009765625,1639.22998046875,1642.6500244140625
1641.9599609375,1653.9300537109375,1636.0,1644.77001953125
1644.5999755859375,1648.6400146484375,1614.699951171875,1616.4100341796875
1614.9599609375,1633.18994140625,1583.0699462890625,1587.719970703125
1587.4100341796875,1595.0999755859375,1551.5899658203125,1558.4100341796875
1559.4100341796875,1581.75,1555.3699951171875,1569.550048828125
1570.6700439453125,1582.4599609375,1564.8599853515625,1581.6300048828125
1581.949951171875,1619.43994140625,1577.300048828125,1611.1099853515625
1611.6400146484375,1619.0899658203125,1603.5999755859375,1618.81005859375
1618.75,1625.3800048828125,1610.9599609375,1612.75
1612.2900390625,1620.5,1610.989990234375,1619.719970703125
1620.1500244140625,1623.5999755859375,1613.989990234375,1616.4000244140625
1616.47998046875,1621.4300537109375,1612.3199462890625,1618.6199951171875
1618.18994140625,1618.800048828125,1612.3499755859375,1618.43994140625
1618.6700439453125,1621.300048828125,1613.6300048828125,1616.8900146484375
1617.1300048828125,1633.489990234375,1614.489990234375,1632.1700439453125
1631.8499755859375,1648.9200439453125,1630.8299560546875,1643.2099609375
1643.550048828125,1656.3399658203125,1641.9200439453125,1651.3399658203125
1651.449951171875,1657.0899658203125,1648.510009765625,1654.56005859375
1654.8299560546875,1656.1800537109375,1648.5799560546875,1649.52001953125
1650.5999755859375,1652.989990234375,1644.1800537109375,1646.1800537109375
1646.199951171875,1647.300048828125,1631.6700439453125,1634.219970703125
1634.5999755859375,1636.510009765625,1625.6800537109375,1630.6700439453125
1630.72998046875,1645.800048828125,1622.52001953125,1632.8900146484375
1633.22998046875,1637.4000244140625,1530.6800537109375,1532.0
1536.8499755859375,1588.550048828125,1536.8499755859375,1565.8199462890625
1565.8199462890625,1570.1800537109375,1542.9000244140625,1567.0
1568.06005859375,1584.68994140625,1555.6500244140625,1559.4300537109375
1560.050048828125,1572.300048828125,1554.9000244140625,1571.9300537109375
1572.6500244140625,1574.9300537109375,1558.4100341796875,1564.4599609375
1565.02001953125,1565.02001953125,1552.6400146484375,1556.0799560546875
1558.050048828125,1567.8800048828125,1554.1500244140625,1557.72998046875
1557.6099853515625,1580.31005859375,1557.4599609375,1578.280029296875
1577.969970703125,1580.719970703125,1564.0999755859375,1567.68994140625
1567.5,1577.1400146484375,1562.1800537109375,1564.8599853515625
1565.4599609375,1569.18994140625,1561.300048828125,1562.1800537109375
1562.1800537109375,1565.97998046875,1553.18994140625,1557.72998046875
1558.4000244140625,1558.4000244140625,1517.3399658203125,1522.06005859375
1522.449951171875,1560.75,1510.0,1555.449951171875
1555.300048828125,1558.5,1545.3499755859375,1547.3900146484375
1548.0,1556.6600341796875,1546.300048828125,1553.27001953125
1552.77001953125,1571.22998046875,1541.7900390625,1568.6600341796875
1568.8800048828125,1583.6199951171875,1568.22998046875,1578.780029296875
1578.8800048828125,1579.949951171875,1561.4000244140625,1564.0999755859375
1564.56005859375,1564.6300048828125,1547.199951171875,1550.77001953125
1550.8800048828125,1553.22998046875,1542.510009765625,1545.93994140625
1545.8900146484375,1552.7099609375,1539.0899658203125,1543.0799560546875
1543.2099609375,1557.97998046875,1525.760009765625,1533.6700439453125
1534.4599609375,1567.4000244140625,1520.4599609375,1566.0899658203125
1566.5400390625,1572.72998046875,1551.31005859375,1557.719970703125
1557.6500244140625,1585.550048828125,1556.9100341796875,1578.0
1578.6099853515625,1589.6099853515625,1570.530029296875,1575.18994140625
1574.3499755859375,1586.280029296875,1574.050048828125,1579.6300048828125
1579.8599853515625,1583.2099609375,1568.3399658203125,1570.3900146484375
1570.56005859375,1581.4000244140625,1567.699951171875,1574.4000244140625
1573.4300537109375,1580.6700439453125,1565.6199951171875,1568.300048828125
1568.239990234375,1576.530029296875,1566.0999755859375,1573.1099853515625
1572.550048828125,1576.8900146484375,1567.260009765625,1575.449951171875
1575.489990234375,1578.43994140625,1572.239990234375,1576.27001953125
1576.4599609375,1579.6800537109375,1569.2099609375,1574.469970703125
1574.5699462890625,1575.3599853515625,1571.8599853515625,1573.6500244140625
1573.699951171875,1584.25,1572.1800537109375,1580.93994140625
1580.1400146484375,1582.510009765625,1576.2099609375,1578.25
1578.3299560546875,1582.8599853515625,1576.5699462890625,1577.1099853515625
1577.1500244140625,1578.77001953125,1574.56005859375,1576.31005859375
1576.239990234375,1581.9300537109375,1572.8199462890625,1580.2099609375
1580.6800537109375,1583.989990234375,1578.0,1583.1400146484375
1583.3399658203125,1583.3399658203125,1579.530029296875,1581.5899658203125
1581.6199951171875,1582.02001953125,1577.1400146484375,1580.3499755859375
1580.219970703125,1582.5799560546875,1579.780029296875,1581.800048828125
1581.7900390625,1582.68994140625,1576.699951171875,1581.4200439453125
1581.2099609375,1583.760009765625,1578.969970703125,1583.260009765625
1583.3800048828125,1590.3900146484375,1582.3499755859375,1589.6800537109375
1589.93994140625,1595.800048828125,1586.9000244140625,1591.8900146484375
1592.0999755859375,1608.030029296875,1591.260009765625,1603.0999755859375
1603.0899658203125,1604.68994140625,1599.1800537109375,1604.4200439453125
1604.300048828125,1604.4000244140625,1587.3900146484375,1588.800048828125
1588.780029296875,1592.1099853515625,1586.6600341796875,1591.1500244140625
1590.8199462890625,1592.6700439453125,1570.969970703125,1575.780029296875
1575.8599853515625,1580.3199462890625,1575.72998046875,1578.780029296875
1579.1099853515625,1582.4599609375,1571.9200439453125,1572.699951171875
1572.699951171875,1577.280029296875,1562.0899658203125,1576.6300048828125
1576.6400146484375,1579.050048828125,1568.43994140625,1571.5999755859375
1571.5899658203125,1575.8199462890625,1570.4200439453125,1572.300048828125
1572.3499755859375,1574.5999755859375,1567.8199462890625,1572.97998046875
1572.969970703125,1577.52001953125,1567.31005859375,1569.7099609375
1570.3199462890625,1574.0999755859375,1570.3199462890625,1572.7900390625
1572.7099609375,1575.0,1568.52001953125,1571.8399658203125
1571.97998046875,1572.1400146484375,1562.219970703125,1566.8699951171875
1566.8399658203125,1568.22998046875,1560.510009765625,1565.56005859375
1565.4000244140625,1574.5,1565.4000244140625,1573.739990234375
1573.5699462890625,1582.989990234375,1571.3399658203125,1579.1400146484375
1579.6099853515625,1583.3800048828125,1576.2099609375,1576.81005859375
1576.72998046875,1579.1199951171875,1570.5999755859375,1574.949951171875
1575.1199951171875,1581.6400146484375,1573.6600341796875,1580.550048828125
1580.5400390625,1585.0799560546875,1575.969970703125,1581.260009765625
1581.030029296875,1581.3800048828125,1572.760009765625,1577.300048828125
1577.530029296875,1583.5699462890625,1575.8900146484375,1579.030029296875
1579.199951171875,1582.9200439453125,1575.0999755859375,1578.550048828125
1578.68994140625,1579.5699462890625,1564.489990234375,1570.5
1570.22998046875,1574.8199462890625,1561.449951171875,1569.8900146484375
1569.52001953125,1572.719970703125,1566.8199462890625,1569.3599853515625
1569.219970703125,1571.949951171875,1554.75,1562.4200439453125
1561.8699951171875,1573.9599609375,1561.8699951171875,1570.72998046875
1570.8499755859375,1571.050048828125,1557.06005859375,1561.4599609375
1561.93994140625,1579.2099609375,1546.030029296875,1554.8499755859375
1554.0400390625,1577.5999755859375,1552.9599609375,1569.4000244140625
1569.510009765625,1572.0799560546875,1550.0699462890625,1571.1400146484375
1570.8599853515625,1571.1800537109375,1557.5899658203125,1566.0799560546875
1565.8499755859375,1576.260009765625,1548.280029296875,1573.760009765625
1574.1700439453125,1585.6400146484375,1574.1700439453125,1582.030029296875
1582.1099853515625,1582.4300537109375,1572.199951171875,1572.9200439453125
1573.47998046875,1580.56005859375,1559.8800048828125,1580.489990234375
1580.9200439453125,1585.9000244140625,1577.1700439453125,1580.4599609375
1580.4599609375,1581.5,1575.3299560546875,1577.8499755859375
1577.75,1579.699951171875,1567.739990234375,1570.5799560546875
1570.5799560546875,1577.6600341796875,1568.4000244140625,1573.9000244140625
1574.0,1584.22998046875,1574.0,1576.219970703125
1576.5999755859375,1578.27001953125,1567.4200439453125,1572.7099609375
1573.0999755859375,1594.25,1564.4300537109375,1573.6800537109375
1574.47998046875,1585.9200439453125,1563.0400390625,1569.260009765625
1569.760009765625,1576.25,1555.1400146484375,1569.760009765625
1569.68994140625,1581.1600341796875,1558.719970703125,1577.550048828125
1577.719970703125,1584.18994140625,1571.1600341796875,1582.6600341796875
1582.5799560546875,1633.5899658203125,1582.5799560546875,1625.5799560546875
1625.3800048828125,1626.5699462890625,1615.949951171875,1618.469970703125
1618.56005859375,1624.81005859375,1614.06005859375,1622.9100341796875
1623.5400390625,1623.9200439453125,1615.010009765625,1615.0899658203125
1615.260009765625,1620.31005859375,1610.550048828125,1617.6500244140625
1617.6500244140625,1619.5,1610.3900146484375,1610.550048828125
1610.3900146484375,1611.6500244140625,1605.530029296875,1610.72998046875
1610.18994140625,1611.8499755859375,1590.2099609375,1592.02001953125
1592.199951171875,1597.5,1586.7099609375,1591.5
1591.5899658203125,1591.6099853515625,1584.0999755859375,1587.8499755859375
1588.280029296875,1593.4200439453125,1583.9000244140625,1584.3199462890625
1584.0799560546875,1588.3199462890625,1576.8900146484375,1585.0999755859375
1585.219970703125,1589.550048828125,1582.469970703125,1589.1400146484375
1589.5,1592.1600341796875,1586.56005859375,1591.449951171875
1590.949951171875,1593.1800537109375,1587.8399658203125,1589.75
1589.75,1591.8499755859375,1576.8599853515625,1581.050048828125
1580.8299560546875,1584.5,1578.93994140625,1582.949951171875
1583.1099853515625,1584.3199462890625,1579.6800537109375,1581.9300537109375
1581.8900146484375,1583.5400390625,1573.469970703125,1575.739990234375
1575.719970703125,1575.719970703125,1550.1300048828125,1550.1300048828125
1550.5400390625,1564.699951171875,1548.1800537109375,1564.5
1564.0799560546875,1575.030029296875,1558.300048828125,1560.47998046875
1560.719970703125,1572.9599609375,1554.47998046875,1562.1700439453125
1562.0799560546875,1572.2900390625,1559.260009765625,1569.6099853515625
1570.0,1574.6800537109375,1566.1500244140625,1568.5799560546875
1568.47998046875,1578.5699462890625,1567.219970703125,1576.8599853515625
1576.1099853515625,1578.8399658203125,1572.81005859375,1578.0999755859375
1576.989990234375,1580.27001953125,1571.4100341796875,1573.4100341796875
1573.4100341796875,1574.43994140625,1567.3599853515625,1568.68994140625
1569.1800537109375,1572.22998046875,1564.18994140625,1564.8800048828125
1565.43994140625,1570.1500244140625,1563.4100341796875,1569.489990234375
1569.6099853515625,1573.8499755859375,1563.760009765625,1572.6199951171875
1572.5999755859375,1583.199951171875,1550.8900146484375,1575.43994140625
1576.0,1586.9100341796875,1571.949951171875,1583.780029296875
1583.780029296875,1595.6199951171875,1579.9200439453125,1592.2900390625
1591.9300537109375,1600.68994140625,1588.3499755859375,1596.81005859375
1596.8599853515625,1598.3900146484375,1588.7099609375,1590.260009765625
1590.47998046875,1590.6600341796875,1569.18994140625,1573.6600341796875
1574.5999755859375,1578.9300537109375,1570.1500244140625,1576.1800537109375
1575.5,1580.02001953125,1566.3499755859375,1580.02001953125
1580.1600341796875,1582.8699951171875,1576.5999755859375,1578.93994140625
1578.8199462890625,1579.260009765625,1569.8499755859375,1571.06005859375
1571.489990234375,1573.510009765625,1565.239990234375,1567.72998046875
1568.719970703125,1569.8299560546875,1563.8499755859375,1567.949951171875
1568.4200439453125,1595.9300537109375,1568.030029296875,1595.9300537109375
1595.5999755859375,1614.5899658203125,1589.550048828125,1599.3199462890625
1599.199951171875,1629.050048828125,1599.199951171875,1618.760009765625
1618.6199951171875,1625.0699462890625,1611.0999755859375,1613.0799560546875
1613.010009765625,1623.260009765625,1605.5400390625,1621.280029296875
1621.3499755859375,1622.760009765625,1610.239990234375,1614.989990234375
1614.9599609375,1622.469970703125,1613.0999755859375,1616.0
1616.0999755859375,1618.4000244140625,1608.5999755859375,1616.219970703125
1616.2099609375,1634.56005859375,1615.9200439453125,1630.3299560546875
1629.699951171875,1642.9599609375,1618.7900390625,1620.47998046875
1619.5999755859375,1619.5999755859375,1606.5699462890625,1607.6400146484375
1607.52001953125,1607.5999755859375,1595.280029296875,1601.8699951171875
1602.0,1623.0,1600.93994140625,1618.5
1618.2900390625,1622.5400390625,1612.9000244140625,1618.8699951171875
1619.1600341796875,1640.0,1616.800048828125,1637.550048828125
1637.5999755859375,1637.9200439453125,1629.0400390625,1630.9000244140625
1630.8800048828125,1632.8299560546875,1623.2900390625,1624.8399658203125
1624.6500244140625,1627.5999755859375,1615.3399658203125,1617.06005859375
1616.9100341796875,1617.75,1612.3199462890625,1613.8299560546875
1613.9200439453125,1623.8900146484375,1612.9599609375,1622.9599609375
1622.3900146484375,1648.530029296875,1618.3699951171875,1641.050048828125
1640.1800537109375,1647.3599853515625,1639.1800537109375,1644.1600341796875
1644.1500244140625,1652.4200439453125,1642.5899658203125,1648.6400146484375
1647.8299560546875,1665.6500244140625,1645.8299560546875,1661.0400390625
1662.0899658203125,1711.760009765625,1659.1300048828125,1708.7900390625
1709.3699951171875,1721.2099609375,1691.43994140625,1699.8299560546875
1699.1199951171875,1701.5999755859375,1687.030029296875,1695.0999755859375
1695.199951171875,1702.0400390625,1685.1300048828125,1698.0899658203125
1697.760009765625,1703.739990234375,1692.97998046875,1694.260009765625
1694.4100341796875,1705.8299560546875,1693.8299560546875,1700.47998046875
1700.739990234375,1704.0899658203125,1693.3199462890625,1698.8800048828125
1699.1099853515625,1705.010009765625,1694.3599853515625,1703.8699951171875
1704.1099853515625,1704.2099609375,1695.47998046875,1698.489990234375
1698.300048828125,1698.949951171875,1693.0899658203125,1694.8199462890625
1694.300048828125,1699.4100341796875,1690.22998046875,1698.43994140625
1698.3699951171875,1700.81005859375,1692.8499755859375,1694.6400146484375
1694.3199462890625,1715.8399658203125,1693.31005859375,1710.3900146484375
1710.47998046875,1713.0799560546875,1694.199951171875,1702.8800048828125
1702.199951171875,1710.0400390625,1697.4300537109375,1704.3199462890625
1704.6300048828125,1706.47998046875,1700.449951171875,1701.2900390625
1700.699951171875,1718.1600341796875,1700.4599609375,1712.7099609375
1712.699951171875,1719.2900390625,1710.949951171875,1713.9300537109375
1713.699951171875,1720.0699462890625,1711.93994140625,1715.97998046875
1715.8900146484375,1731.7900390625,1713.8599853515625,1717.8699951171875
1717.4100341796875,1728.3599853515625,1715.050048828125,1724.239990234375
1724.300048828125,1747.0,1724.300048828125,1739.969970703125
1740.199951171875,1745.9599609375,1735.800048828125,1740.510009765625
1740.739990234375,1742.97998046875,1729.699951171875,1734.489990234375
1735.010009765625,1750.0,1734.0899658203125,1746.1600341796875
1746.02001953125,1746.02001953125,1727.199951171875,1735.4000244140625
1735.699951171875,1743.4100341796875,1728.0,1729.43994140625
1729.4100341796875,1733.800048828125,1726.1800537109375,1731.969970703125
1731.81005859375,1739.8599853515625,1731.030029296875,1736.760009765625
1737.1099853515625,1738.9200439453125,1734.800048828125,1737.1800537109375
1736.9300537109375,1751.5999755859375,1735.510009765625,1743.5
1743.699951171875,1770.0699462890625,1741.9100341796875,1764.3900146484375
1764.6500244140625,1772.800048828125,1755.5,1761.780029296875
1761.8499755859375,1762.2900390625,1754.239990234375,1755.81005859375
1755.6700439453125,1760.31005859375,1753.760009765625,1757.1099853515625
1756.050048828125,1762.1099853515625,1754.699951171875,1756.9000244140625
1756.7099609375,1756.7099609375,1744.27001953125,1746.0999755859375
1746.449951171875,1749.300048828125,1742.6300048828125,1747.6800537109375
1747.5999755859375,1754.5999755859375,1745.550048828125,1752.1099853515625
1752.0999755859375,1762.5,1750.300048828125,1759.8900146484375
1759.97998046875,1759.97998046875,1751.5,1754.4599609375
1754.449951171875,1759.6300048828125,1749.8399658203125,1753.2099609375
1753.1199951171875,1757.949951171875,1751.239990234375,1756.8399658203125
1757.0,1763.800048828125,1756.030029296875,1760.800048828125
1761.0,1761.3499755859375,1753.4000244140625,1756.52001953125
1756.2900390625,1759.1500244140625,1755.7099609375,1757.699951171875
1756.9100341796875,1758.5999755859375,1754.5,1756.6300048828125
1756.6300048828125,1764.72998046875,1756.6300048828125,1762.81005859375
1762.9100341796875,1776.6500244140625,1760.43994140625,1762.719970703125
1762.5400390625,1773.300048828125,1762.52001953125,1770.9300537109375
1771.4000244140625,1795.93994140625,1771.1400146484375,1789.719970703125
1789.9599609375,1790.3199462890625,1781.8399658203125,1785.5999755859375
1785.3299560546875,1804.77001953125,1777.5400390625,1797.800048828125
1798.52001953125,1804.2099609375,1790.5999755859375,1792.25
1792.22998046875,1796.1099853515625,1787.1400146484375,1791.300048828125
1791.199951171875,1794.449951171875,1782.43994140625,1785.72998046875
1785.72998046875,1792.81005859375,1785.010009765625,1787.9100341796875
1787.3199462890625,1788.0,1780.81005859375,1783.1400146484375
1783.3800048828125,1784.06005859375,1771.510009765625,1779.0699462890625
1779.199951171875,1779.2900390625,1768.6199951171875,1771.0899658203125
1771.050048828125,1773.0,1760.02001953125,1765.06005859375
1765.1199951171875,1766.0899658203125,1755.6600341796875,1759.0899658203125
1759.050048828125,1762.1600341796875,1756.510009765625,1759.969970703125
1759.9000244140625,1770.6700439453125,1758.6099853515625,1766.0799560546875
1765.4000244140625,1766.199951171875,1759.0699462890625,1764.1800537109375
1764.4300537109375,1766.2099609375,1760.5999755859375,1763.0899658203125
1763.050048828125,1770.510009765625,1760.1500244140625,1768.3599853515625
1768.239990234375,1771.0,1765.1500244140625,1766.0
1766.02001953125,1766.0799560546875,1749.0,1756.280029296875
1756.31005859375,1760.31005859375,1753.6400146484375,1759.97998046875
1760.1099853515625,1763.0999755859375,1757.31005859375,1758.5999755859375
1758.25,1768.0,1754.5999755859375,1763.4300537109375
1763.4599609375,1766.0400390625,1760.050048828125,1764.75
1764.8199462890625,1771.0799560546875,1763.4100341796875,1771.0799560546875
1770.5999755859375,1777.469970703125,1769.1099853515625,1773.0799560546875
1772.97998046875,1775.969970703125,1768.81005859375,1771.4100341796875
1771.4100341796875,1783.5899658203125,1771.3800048828125,1778.010009765625
1778.010009765625,1784.43994140625,1776.47998046875,1779.699951171875
1779.6500244140625,1783.010009765625,1776.199951171875,1779.760009765625
1779.56005859375,1781.699951171875,1774.739990234375,1775.6700439453125
1775.6300048828125,1791.0799560546875,1767.9100341796875,1785.260009765625
1784.8800048828125,1805.47998046875,1782.800048828125,1788.1500244140625
1787.989990234375,1800.800048828125,1781.2900390625,1784.199951171875
1784.3499755859375,1792.4300537109375,1773.9000244140625,1791.9000244140625
1791.3299560546875,1797.5,1783.550048828125,1784.530029296875
1785.0999755859375,1788.3900146484375,1777.93994140625,1782.199951171875
1781.8599853515625,1783.27001953125,1771.0999755859375,1778.0699462890625
1777.699951171875,1782.800048828125,1774.699951171875,1776.300048828125
1776.300048828125,1776.699951171875,1763.5,1772.199951171875
1772.9000244140625,1773.5999755859375,1767.699951171875,1767.81005859375
1767.5899658203125,1773.75,1765.31005859375,1770.4200439453125
1770.43994140625,1776.7900390625,1761.449951171875,1763.9100341796875
1763.9100341796875,1764.4000244140625,1754.0799560546875,1756.8599853515625
1756.8800048828125,1772.0799560546875,1756.31005859375,1769.1600341796875
1769.699951171875,1774.0999755859375,1757.6300048828125,1757.6300048828125
1757.699951171875,1758.0999755859375,1734.699951171875,1739.300048828125
1738.800048828125,1752.199951171875,1728.4300537109375,1743.4100341796875
1742.719970703125,1760.4200439453125,1740.4599609375,1750.0999755859375
1750.4000244140625,1787.780029296875,1750.0899658203125,1787.25
1788.27001953125,1803.8900146484375,1781.699951171875,1791.6300048828125
1791.5899658203125,1799.18994140625,1785.800048828125,1786.9599609375
1787.199951171875,1794.9300537109375,1785.5999755859375,1791.300048828125
1791.56005859375,1797.989990234375,1790.0400390625,1791.0
1792.4200439453125,1795.300048828125,1786.0899658203125,1791.739990234375
1791.8800048828125,1830.2099609375,1791.25,1813.5
1814.68994140625,1815.489990234375,1803.5999755859375,1805.1800537109375
1805.02001953125,1808.97998046875,1796.6600341796875,1798.56005859375
1798.6400146484375,1808.8900146484375,1795.199951171875,1802.3900146484375
1801.31005859375,1801.31005859375,1787.4000244140625,1791.5
1791.719970703125,1793.0999755859375,1775.699951171875,1777.2099609375
1776.8299560546875,1780.0899658203125,1767.800048828125,1770.22998046875
1769.699951171875,1772.25,1761.3499755859375,1765.1300048828125
1765.1700439453125,1772.260009765625,1756.5400390625,1769.2900390625
1769.300048828125,1781.0,1763.4300537109375,1777.68994140625
1777.6800537109375,1781.1099853515625,1769.6500244140625,1769.8900146484375
1770.3499755859375,1773.9200439453125,1766.8800048828125,1768.9100341796875
1769.0899658203125,1779.5,1766.9599609375,1776.239990234375
1776.3499755859375,1782.5999755859375,1772.6400146484375,1774.31005859375
1774.0799560546875,1782.989990234375,1770.25,1779.22998046875
1779.2900390625,1792.760009765625,1778.449951171875,1780.1400146484375
1780.010009765625,1781.4599609375,1764.4000244140625,1766.81005859375
1765.6800537109375,1790.52001953125,1759.449951171875,1787.8800048828125
1787.780029296875,1801.0699462890625,1781.199951171875,1795.9100341796875
1795.8599853515625,1810.6800537109375,1791.52001953125,1800.739990234375
1800.1500244140625,1809.219970703125,1797.010009765625,1809.0799560546875
1809.3299560546875,1809.3299560546875,1784.760009765625,1785.1199951171875
1784.8900146484375,1790.8399658203125,1773.25,1789.4300537109375
1789.0899658203125,1792.0,1780.1300048828125,1783.0
1782.989990234375,1788.449951171875,1770.3599853515625,1772.6400146484375
1771.6300048828125,1777.5400390625,1764.9000244140625,1774.3699951171875
1773.9000244140625,1779.5999755859375,1767.1600341796875,1770.06005859375
1770.0999755859375,1782.93994140625,1769.0,1779.0
1779.0,1779.72998046875,1749.4000244140625,1754.699951171875
1754.3399658203125,1758.1700439453125,1740.9100341796875,1756.4100341796875
1757.3499755859375,1762.1300048828125,1747.9200439453125,1749.760009765625
1750.3199462890625,1756.6700439453125,1748.2099609375,1755.0
1754.969970703125,1758.239990234375,1749.260009765625,1752.68994140625
1752.469970703125,1753.43994140625,1745.1600341796875,1750.300048828125
1750.6600341796875,1755.969970703125,1743.780029296875,1755.4599609375
1755.5999755859375,1757.1099853515625,1724.800048828125,1733.6300048828125
1733.489990234375,1739.0899658203125,1728.6600341796875,1734.489990234375
1735.949951171875,1740.75,1731.010009765625,1737.81005859375
1737.780029296875,1749.239990234375,1734.3800048828125,1746.47998046875
1746.489990234375,1749.530029296875,1736.489990234375,1736.8499755859375
1736.949951171875,1742.3900146484375,1729.780029296875,1735.8299560546875
1735.77001953125,1738.6600341796875,1721.6500244140625,1727.6500244140625
1728.3199462890625,1728.5999755859375,1711.2900390625,1721.06005859375
1721.6099853515625,1736.1700439453125,1721.010009765625,1734.52001953125
1734.5699462890625,1744.8699951171875,1729.5999755859375,1731.27001953125
1731.489990234375,1739.9300537109375,1728.3399658203125,1735.81005859375
1735.9599609375,1740.2900390625,1732.030029296875,1739.5899658203125
1737.5999755859375,1739.22998046875,1733.27001953125,1734.9100341796875
1735.0799560546875,1738.510009765625,1730.1400146484375,1736.800048828125
1737.199951171875,1741.72998046875,1735.1700439453125,1740.0799560546875
1739.739990234375,1743.050048828125,1737.4599609375,1742.0
1741.8599853515625,1742.93994140625,1735.47998046875,1736.68994140625
1736.550048828125,1752.97998046875,1728.8199462890625,1730.199951171875
1730.8499755859375,1737.4599609375,1722.1500244140625,1725.6500244140625
1725.6500244140625,1732.6600341796875,1720.56005859375,1729.0799560546875
1729.0400390625,1741.9599609375,1728.9000244140625,1740.97998046875
1741.0,1748.0,1736.1500244140625,1747.9100341796875
1748.239990234375,1754.18994140625,1744.5999755859375,1753.5799560546875
1753.469970703125,1759.5,1749.2099609375,1751.699951171875
1751.719970703125,1757.43994140625,1749.5,1753.1199951171875
1752.800048828125,1755.0999755859375,1747.9000244140625,1754.1600341796875
1754.260009765625,1756.3599853515625,1742.989990234375,1744.719970703125
1744.6500244140625,1747.0799560546875,1739.6500244140625,1742.530029296875
1741.3599853515625,1745.800048828125,1733.530029296875,1740.2900390625
1740.239990234375,1749.800048828125,1734.27001953125,1745.0799560546875
1745.68994140625,1747.5999755859375,1731.8199462890625,1741.5
1742.050048828125,1747.4100341796875,1736.0,1737.81005859375
1737.81005859375,1742.300048828125,1730.0,1737.4599609375
1737.93994140625,1750.25,1737.0899658203125,1747.1099853515625
1747.5999755859375,1757.9300537109375,1746.1400146484375,1750.0999755859375
1750.4200439453125,1751.47998046875,1745.7099609375,1746.989990234375
1747.18994140625,1749.18994140625,1743.9100341796875,1747.449951171875
1747.6400146484375,1749.760009765625,1743.739990234375,1747.030029296875
1746.9000244140625,1749.5999755859375,1745.030029296875,1746.1600341796875
1746.1600341796875,1747.9000244140625,1740.3399658203125,1743.8199462890625
1743.780029296875,1745.4100341796875,1736.5999755859375,1741.47998046875
1741.7099609375,1775.9000244140625,1736.5799560546875,1766.1400146484375
1766.800048828125,1773.2099609375,1763.219970703125,1771.47998046875
1771.3399658203125,1778.199951171875,1767.8299560546875,1774.800048828125
1774.8499755859375,1779.030029296875,1770.8900146484375,1773.489990234375
1773.5799560546875,1778.25,1771.3299560546875,1777.8199462890625
1778.0400390625,1778.68994140625,1768.1500244140625,1770.010009765625
1770.4000244140625,1776.5400390625,1767.780029296875,1772.3900146484375
1772.1600341796875,1787.8900146484375,1771.43994140625,1782.969970703125
1782.719970703125,1793.5,1780.0899658203125,1791.5
1791.4200439453125,1800.8399658203125,1788.27001953125,1795.6800537109375
1796.0,1801.0999755859375,1793.0799560546875,1800.22998046875
1800.47998046875,1805.8699951171875,1791.5999755859375,1792.5
1792.5799560546875,1809.9000244140625,1792.4000244140625,1802.800048828125
1801.8499755859375,1803.2900390625,1775.739990234375,1783.4599609375
1783.56005859375,1795.199951171875,1782.7099609375,1789.699951171875
1790.0799560546875,1798.1800537109375,1784.52001953125,1796.0
1795.9000244140625,1797.8900146484375,1786.739990234375,1786.739990234375
1786.8800048828125,1790.780029296875,1780.3199462890625,1783.5799560546875
1783.3299560546875,1795.68994140625,1782.6800537109375,1791.1099853515625
1791.8599853515625,1793.0699462890625,1788.1700439453125,1788.8499755859375
1788.6700439453125,1795.4200439453125,1788.449951171875,1793.0
1792.9100341796875,1795.3299560546875,1791.56005859375,1793.969970703125
1793.969970703125,1797.0400390625,1791.260009765625,1795.739990234375
1795.2099609375,1795.969970703125,1788.800048828125,1792.0799560546875
1791.969970703125,1797.5699462890625,1787.449951171875,1788.1199951171875
1787.72998046875,1794.949951171875,1786.3599853515625,1794.280029296875
1794.4200439453125,1796.9000244140625,1792.5400390625,1795.199951171875
1795.1800537109375,1798.8599853515625,1794.3900146484375,1795.18994140625
1795.18994140625,1800.18994140625,1793.8599853515625,1797.9200439453125
1796.52001953125,1801.6400146484375,1794.3699951171875,1797.969970703125
1797.9000244140625,1800.5699462890625,1796.8900146484375,1798.6800537109375
1798.6600341796875,1802.0799560546875,1798.1700439453125,1800.22998046875
1800.050048828125,1801.3199462890625,1793.56005859375,1794.0
1794.469970703125,1797.719970703125,1794.010009765625,1796.7099609375
1796.800048828125,1799.4200439453125,1795.5699462890625,1798.949951171875
1798.949951171875,1799.989990234375,1796.81005859375,1798.6600341796875
1798.9300537109375,1804.719970703125,1797.3900146484375,1801.550048828125
1801.3199462890625,1815.1600341796875,1801.199951171875,1809.6500244140625
1809.949951171875,1825.9200439453125,1807.75,1813.52001953125
1813.510009765625,1822.3199462890625,1809.8299560546875,1822.010009765625
1822.3299560546875,1828.1400146484375,1817.0999755859375,1823.280029296875
1823.6700439453125,1827.8399658203125,1822.5699462890625,1824.9599609375
1824.8399658203125,1826.1600341796875,1818.0,1823.4100341796875
1823.4000244140625,1827.6199951171875,1822.9000244140625,1825.0899658203125
1824.8499755859375,1828.0799560546875,1821.6099853515625,1822.719970703125
1822.719970703125,1822.800048828125,1809.5999755859375,1812.7900390625
1812.780029296875,1814.6400146484375,1785.719970703125,1786.81005859375
1786.9200439453125,1789.6800537109375,1778.81005859375,1787.72998046875
1787.6099853515625,1807.2900390625,1787.0,1805.5799560546875
1805.5799560546875,1806.31005859375,1802.06005859375,1803.9599609375
1803.8599853515625,1811.1700439453125,1802.030029296875,1810.4200439453125
1810.239990234375,1811.3900146484375,1803.0,1804.800048828125
1804.8399658203125,1806.010009765625,1800.1500244140625,1802.1700439453125
1801.72998046875,1801.72998046875,1788.8800048828125,1794.02001953125
1793.989990234375,1798.0,1793.0899658203125,1797.699951171875
1797.3199462890625,1807.8399658203125,1797.3199462890625,1803.9200439453125
1803.93994140625,1804.800048828125,1795.5,1801.3299560546875
1801.3199462890625,1801.3199462890625,1797.9200439453125,1798.3299560546875
1798.5999755859375,1805.52001953125,1795.5,1802.6500244140625
1802.3399658203125,1807.68994140625,1801.8900146484375,1805.989990234375
1805.93994140625,1808.6400146484375,1804.2900390625,1804.72998046875
1804.9000244140625,1820.2900390625,1803.239990234375,1818.510009765625
1818.6500244140625,1825.0799560546875,1815.43994140625,1819.9599609375
1820.1300048828125,1823.1099853515625,1816.8599853515625,1820.75
1820.7099609375,1821.1700439453125,1814.5799560546875,1817.199951171875
1817.31005859375,1821.25,1814.0699462890625,1820.4000244140625
1820.4300537109375,1821.8299560546875,1817.75,1820.3900146484375
1820.489990234375,1822.68994140625,1817.550048828125,1820.199951171875
1820.3900146484375,1822.5999755859375,1810.239990234375,1811.4000244140625
1807.1700439453125,1807.72998046875,1796.5400390625,1804.010009765625
1803.8299560546875,1807.780029296875,1799.7099609375,1805.510009765625
1805.739990234375,1840.8499755859375,1803.1099853515625,1825.3299560546875
1825.199951171875,1828.199951171875,1804.3299560546875,1805.739990234375
1805.77001953125,1813.6199951171875,1798.050048828125,1805.6600341796875
1804.300048828125,1805.5,1774.199951171875,1779.1199951171875
1779.22998046875,1783.6800537109375,1775.02001953125,1777.3299560546875
1777.43994140625,1785.3900146484375,1773.56005859375,1780.510009765625
1781.3199462890625,1782.280029296875,1774.25,1776.300048828125
1777.5,1789.739990234375,1775.02001953125,1785.97998046875
1786.27001953125,1791.97998046875,1782.199951171875,1788.699951171875
1788.97998046875,1788.97998046875,1783.699951171875,1784.1800537109375
1784.1099853515625,1785.239990234375,1775.81005859375,1778.0899658203125
1778.699951171875,1783.2900390625,1778.2099609375,1779.199951171875
1779.5899658203125,1782.1600341796875,1767.1600341796875,1770.5699462890625
1770.1800537109375,1774.8900146484375,1762.1600341796875,1769.699951171875
1769.2900390625,1780.260009765625,1761.52001953125,1780.0
1779.7900390625,1785.219970703125,1773.969970703125,1775.3900146484375
1775.68994140625,1779.1600341796875,1765.699951171875,1770.300048828125
1770.31005859375,1774.0999755859375,1751.2900390625,1751.6500244140625
1751.8399658203125,1765.550048828125,1749.0999755859375,1762.5
1763.010009765625,1773.3499755859375,1762.530029296875,1773.1800537109375
1772.7099609375,1775.2900390625,1760.5999755859375,1765.6700439453125
1765.5999755859375,1765.5999755859375,1751.8900146484375,1759.9000244140625
1760.1300048828125,1766.56005859375,1753.969970703125,1755.8499755859375
1755.8299560546875,1775.780029296875,1754.02001953125,1774.5699462890625
1775.0799560546875,1786.0999755859375,1771.3599853515625,1783.6300048828125
1784.1400146484375,1792.43994140625,1781.2099609375,1782.93994140625
1782.8199462890625,1787.0,1773.260009765625,1780.530029296875
1780.800048828125,1781.989990234375,1772.719970703125,1781.9000244140625
1781.6199951171875,1787.68994140625,1780.3299560546875,1783.72998046875
1783.510009765625,1790.6800537109375,1782.3399658203125,1784.8900146484375
1784.5799560546875,1785.280029296875,1779.75,1780.9100341796875
1780.4100341796875,1783.800048828125,1776.93994140625,1778.6600341796875
1778.6099853515625,1787.77001953125,1777.06005859375,1783.8900146484375
1783.6600341796875,1787.719970703125,1780.81005859375,1784.1099853515625
1784.3399658203125,1802.7099609375,1784.06005859375,1798.3900146484375
1798.56005859375,1800.6099853515625,1793.6300048828125,1795.9100341796875
1796.6700439453125,1860.93994140625,1792.3800048828125,1858.5899658203125
1861.06005859375,1880.699951171875,1853.260009765625,1869.780029296875
1869.3399658203125,1880.77001953125,1858.6800537109375,1879.3800048828125
1880.280029296875,1885.0,1871.6400146484375,1873.7099609375
1874.3399658203125,1875.9000244140625,1867.8699951171875,1872.449951171875
1872.6600341796875,1872.6600341796875,1861.449951171875,1870.47998046875
1870.72998046875,1875.72998046875,1867.3299560546875,1873.4000244140625
1873.68994140625,1880.4200439453125,1873.3599853515625,1875.7099609375
1876.6700439453125,1877.8800048828125,1872.93994140625,1874.260009765625
1874.4100341796875,1878.5400390625,1873.43994140625,1875.469970703125
1875.5999755859375,1895.0,1870.9300537109375,1881.18994140625
1880.800048828125,1891.530029296875,1877.7099609375,1890.5400390625
1891.25,1891.97998046875,1876.97998046875,1880.3800048828125
1880.780029296875,1880.780029296875,1866.1600341796875,1869.1300048828125
1868.9000244140625,1871.3900146484375,1863.2900390625,1863.52001953125
1863.52001953125,1877.6600341796875,1863.3900146484375,1874.93994140625
1874.7099609375,1878.5699462890625,1872.18994140625,1874.969970703125
1875.5999755859375,1881.699951171875,1870.5,1880.9000244140625
1881.010009765625,1890.3900146484375,1874.52001953125,1874.7099609375
1874.75,1875.8900146484375,1863.510009765625,1868.77001953125
1869.5,1878.56005859375,1868.9100341796875,1878.0400390625
1878.06005859375,1885.3499755859375,1878.06005859375,1878.5999755859375
1878.5899658203125,1884.5699462890625,1873.9100341796875,1876.75
1876.739990234375,1884.3599853515625,1876.489990234375,1883.0899658203125
1882.97998046875,1927.43994140625,1877.699951171875,1925.6099853515625
1927.4000244140625,1944.300048828125,1915.4300537109375,1924.1099853515625
1925.1099853515625,1933.68994140625,1917.6600341796875,1931.77001953125
1931.77001953125,1936.0,1924.010009765625,1930.0
1930.52001953125,1930.81005859375,1902.6500244140625,1917.6099853515625
1918.1800537109375,1929.0999755859375,1918.1700439453125,1926.6500244140625
1926.0799560546875,1935.3599853515625,1921.27001953125,1922.9100341796875
1923.030029296875,1927.780029296875,1918.18994140625,1922.1700439453125
1923.3499755859375,1929.1199951171875,1919.5,1922.469970703125
1922.469970703125,1924.81005859375,1918.77001953125,1921.030029296875
1920.9599609375,1925.3599853515625,1917.1099853515625,1922.25
1922.239990234375,1925.9300537109375,1914.1199951171875,1916.760009765625
1916.530029296875,1923.780029296875,1910.31005859375,1913.5899658203125
1913.9200439453125,1924.81005859375,1906.989990234375,1921.4000244140625
1920.9599609375,1924.949951171875,1917.75,1923.8699951171875
1923.800048828125,1927.6700439453125,1915.5699462890625,1917.47998046875
1917.18994140625,1919.6099853515625,1912.7900390625,1916.3900146484375
1916.8900146484375,1925.9200439453125,1915.75,1924.22998046875
1923.9100341796875,1927.3199462890625,1914.3499755859375,1921.1600341796875
1921.1500244140625,1921.18994140625,1903.7099609375,1908.8800048828125
1908.9000244140625,1911.1199951171875,1875.0,1884.8199462890625
1884.9300537109375,1887.699951171875,1879.8699951171875,1882.93994140625
1883.4100341796875,1889.989990234375,1882.3299560546875,1886.989990234375
1886.989990234375,1886.989990234375,1877.699951171875,1883.780029296875
1883.5400390625,1883.760009765625,1866.25,1871.2900390625
1870.989990234375,1888.5899658203125,1869.6800537109375,1880.5
1880.3599853515625,1891.199951171875,1872.9599609375,1881.5699462890625
1881.449951171875,1891.949951171875,1869.47998046875,1880.300048828125
1880.1300048828125,1881.6600341796875,1873.1600341796875,1877.489990234375
1877.3800048828125,1877.6800537109375,1862.1500244140625,1867.6600341796875
1867.6800537109375,1877.9100341796875,1866.9200439453125,1874.280029296875
1874.6800537109375,1876.43994140625,1869.550048828125,1874.0999755859375
1873.2900390625,1874.3399658203125,1869.8399658203125,1870.199951171875
1870.010009765625,1879.449951171875,1870.010009765625,1877.1099853515625
1877.5799560546875,1879.9300537109375,1866.9300537109375,1867.5799560546875
1866.9300537109375,1869.0999755859375,1856.02001953125,1863.1800537109375
1863.0699462890625,1865.0899658203125,1848.1600341796875,1864.260009765625
1864.4100341796875,1869.31005859375,1846.5999755859375,1849.75
1848.9100341796875,1853.8800048828125,1841.9000244140625,1846.5400390625
1846.760009765625,1857.6700439453125,1845.56005859375,1850.9100341796875
1850.8499755859375,1851.0799560546875,1842.4200439453125,1848.6600341796875
1847.780029296875,1847.780029296875,1820.030029296875,1822.219970703125
1821.8199462890625,1834.56005859375,1820.1700439453125,1830.449951171875
1830.2900390625,1831.6400146484375,1824.5999755859375,1826.449951171875
1826.6500244140625,1830.6700439453125,1819.43994140625,1828.1700439453125
1828.219970703125,1834.199951171875,1827.3599853515625,1833.1300048828125
1833.0999755859375,1838.18994140625,1832.22998046875,1835.1700439453125
1835.199951171875,1841.1800537109375,1831.5400390625,1837.4200439453125
1837.550048828125,1838.3599853515625,1825.6800537109375,1826.77001953125
1826.8800048828125,1827.4599609375,1802.0899658203125,1823.3299560546875
1823.4599609375,1832.0899658203125,1815.6500244140625,1820.530029296875
1820.6099853515625,1829.8599853515625,1809.47998046875,1829.3599853515625
1828.81005859375,1839.1500244140625,1825.1199951171875,1834.8499755859375
1835.530029296875,1855.18994140625,1835.52001953125,1842.6300048828125
1842.6700439453125,1848.68994140625,1833.8699951171875,1845.97998046875
1845.5799560546875,1846.030029296875,1835.02001953125,1842.199951171875
1841.949951171875,1845.280029296875,1836.1800537109375,1841.739990234375
1841.6300048828125,1845.5999755859375,1839.8199462890625,1840.43994140625
1840.7900390625,1842.6800537109375,1836.25,1838.6300048828125
1838.6500244140625,1843.2900390625,1834.0,1840.739990234375
1840.9300537109375,1843.7900390625,1838.8900146484375,1839.8599853515625
1839.699951171875,1842.1700439453125,1838.300048828125,1841.300048828125
1841.8699951171875,1845.7099609375,1840.3199462890625,1841.0
1840.8499755859375,1845.239990234375,1840.43994140625,1844.81005859375
1844.9200439453125,1845.0699462890625,1841.25,1843.3499755859375
1843.3900146484375,1848.0,1841.8800048828125,1844.6199951171875
1844.75,1846.77001953125,1841.9000244140625,1843.6099853515625
1843.6099853515625,1844.9000244140625,1841.7900390625,1843.030029296875
1843.239990234375,1848.02001953125,1841.199951171875,1846.18994140625
1846.31005859375,1846.7900390625,1841.8399658203125,1843.8699951171875
1843.68994140625,1845.47998046875,1842.9000244140625,1844.18994140625
1844.18994140625,1845.4100341796875,1842.949951171875,1844.1700439453125
1844.1700439453125,1849.0699462890625,1839.199951171875,1843.4100341796875
1842.8800048828125,1843.02001953125,1836.25,1840.31005859375
1840.489990234375,1845.0899658203125,1839.6099853515625,1844.550048828125
1844.760009765625,1844.949951171875,1840.8599853515625,1842.5
1842.5,1845.68994140625,1840.5,1844.510009765625
1844.719970703125,1852.1800537109375,1842.010009765625,1851.4100341796875
1851.699951171875,1864.030029296875,1848.719970703125,1856.2900390625
1856.760009765625,1860.1400146484375,1854.5699462890625,1857.239990234375
1857.3499755859375,1861.8699951171875,1854.5400390625,1855.9200439453125
1856.2900390625,1861.6400146484375,1854.6400146484375,1859.6400146484375
1859.4100341796875,1864.31005859375,1858.780029296875,1862.4200439453125
1862.3299560546875,1863.1199951171875,1858.81005859375,1861.5400390625
1861.6199951171875,1862.27001953125,1858.010009765625,1860.1199951171875
1860.1700439453125,1860.3699951171875,1857.4000244140625,1857.8699951171875
1857.8199462890625,1875.800048828125,1857.8199462890625,1870.25
1871.699951171875,1871.7099609375,1862.5999755859375,1866.06005859375
1865.4000244140625,1869.0,1863.0699462890625,1866.0899658203125
1866.469970703125,1869.18994140625,1864.5,1867.1700439453125
1867.1800537109375,1870.199951171875,1866.8299560546875,1867.9000244140625
1867.77001953125,1870.6400146484375,1865.9100341796875,1868.0400390625
1869.0999755859375,1874.1500244140625,1866.4599609375,1872.5
1872.699951171875,1872.8299560546875,1864.25,1865.199951171875
1865.050048828125,1876.219970703125,1863.02001953125,1870.949951171875
1871.030029296875,1877.27001953125,1869.0400390625,1870.050048828125
1869.9599609375,1873.0,1863.260009765625,1869.1199951171875
1869.1199951171875,1872.3499755859375,1864.5999755859375,1870.4200439453125
1870.5,1877.4300537109375,1867.3299560546875,1873.31005859375
1873.2099609375,1874.739990234375,1867.5,1869.6600341796875
1869.5799560546875,1872.3800048828125,1864.510009765625,1865.3599853515625
1865.1400146484375,1872.1600341796875,1858.68994140625,1865.9300537109375
1865.8900146484375,1866.56005859375,1853.9000244140625,1859.3199462890625
1860.1099853515625,1861.3900146484375,1853.550048828125,1860.75
1861.300048828125,1865.760009765625,1860.719970703125,1865.760009765625
1866.02001953125,1866.3599853515625,1856.0899658203125,1860.75
1858.739990234375,1875.7099609375,1855.97998046875,1869.1099853515625
1869.280029296875,1873.300048828125,1863.739990234375,1870.8599853515625
1871.010009765625,1890.199951171875,1861.260009765625,1870.6099853515625
1870.8800048828125,1887.8399658203125,1864.2900390625,1867.81005859375
1867.6400146484375,1881.3199462890625,1866.449951171875,1877.530029296875
1877.5899658203125,1880.8199462890625,1869.4100341796875,1878.0999755859375
1878.3399658203125,1878.47998046875,1866.949951171875,1867.0799560546875
1867.5799560546875,1868.4000244140625,1850.300048828125,1853.800048828125
1854.4000244140625,1858.449951171875,1842.8399658203125,1848.0
1848.4100341796875,1863.8800048828125,1847.780029296875,1862.3800048828125
1861.6199951171875,1866.9599609375,1852.510009765625,1859.1800537109375
1859.02001953125,1865.6800537109375,1856.239990234375,1862.4000244140625
1862.5699462890625,1869.6800537109375,1861.1400146484375,1867.239990234375
1867.699951171875,1894.75,1866.300048828125,1891.56005859375
1891.93994140625,1891.93994140625,1870.199951171875,1871.300048828125
1871.3499755859375,1878.300048828125,1855.75,1860.6700439453125
1860.1199951171875,1869.699951171875,1851.77001953125,1866.18994140625
1867.0799560546875,1902.02001953125,1866.0,1901.0899658203125
1901.6099853515625,1905.5,1892.4300537109375,1898.1199951171875
1897.3299560546875,1908.1099853515625,1893.9599609375,1906.3299560546875
1906.489990234375,1916.9300537109375,1896.199951171875,1898.010009765625
1897.6600341796875,1899.8199462890625,1888.699951171875,1897.4000244140625
1898.9300537109375,1905.4100341796875,1894.6099853515625,1903.5400390625
1903.199951171875,1906.3199462890625,1900.47998046875,1901.050048828125
1900.8399658203125,1900.8399658203125,1892.9000244140625,1894.5899658203125
1894.56005859375,1904.0,1894.050048828125,1903.5400390625
1903.47998046875,1916.800048828125,1899.56005859375,1913.9000244140625
1913.260009765625,1916.9100341796875,1905.9000244140625,1906.300048828125
1906.43994140625,1920.3699951171875,1903.3199462890625,1916.1700439453125
1916.050048828125,1927.0999755859375,1915.5999755859375,1925.6400146484375
1925.4599609375,1929.8399658203125,1921.27001953125,1923.3599853515625
1923.0,1933.989990234375,1920.72998046875,1929.260009765625
1929.0999755859375,1938.3599853515625,1926.5,1933.5899658203125
1933.4000244140625,1937.8800048828125,1932.1600341796875,1932.8900146484375
1932.77001953125,1949.3699951171875,1930.3699951171875,1938.6199951171875
1938.25,1942.280029296875,1935.68994140625,1940.800048828125
1940.8499755859375,1945.81005859375,1931.06005859375,1932.8499755859375
1932.9599609375,1936.0699462890625,1926.239990234375,1934.6099853515625
1934.760009765625,1944.1400146484375,1931.6500244140625,1941.6099853515625
1941.300048828125,1942.550048828125,1926.199951171875,1938.93994140625
1938.530029296875,1942.75,1926.1199951171875,1930.1500244140625
1930.010009765625,1931.449951171875,1922.5,1930.760009765625
1930.989990234375,1934.4300537109375,1920.719970703125,1925.300048828125
1925.0400390625,1927.1800537109375,1915.199951171875,1917.300048828125
1917.4599609375,1921.6800537109375,1914.25,1918.949951171875
1918.8800048828125,1925.4000244140625,1917.3399658203125,1922.6400146484375
1923.3800048828125,1925.489990234375,1920.43994140625,1922.1800537109375
1922.050048828125,1925.719970703125,1918.81005859375,1923.1700439453125
1922.300048828125,1922.93994140625,1917.1300048828125,1919.5999755859375
1919.1600341796875,1929.699951171875,1915.699951171875,1928.6300048828125
1929.0999755859375,1942.8199462890625,1927.800048828125,1938.1300048828125
1938.47998046875,1939.199951171875,1927.239990234375,1932.4200439453125
1931.739990234375,1935.239990234375,1925.5400390625,1929.0699462890625
1928.72998046875,1934.6300048828125,1925.4000244140625,1927.5
1926.8399658203125,1937.989990234375,1926.8399658203125,1935.489990234375
1935.739990234375,1935.739990234375,1916.9000244140625,1918.0799560546875
1918.8599853515625,1919.8499755859375,1912.199951171875,1916.27001953125
1916.8800048828125,1917.8299560546875,1909.47998046875,1912.8800048828125
1912.68994140625,1923.9000244140625,1912.68994140625,1919.800048828125
1919.6099853515625,1925.0799560546875,1918.199951171875,1923.199951171875
1923.5,1932.3699951171875,1921.9100341796875,1929.4100341796875
1929.199951171875,1930.1600341796875,1921.2099609375,1926.1600341796875
1926.1600341796875,1926.1600341796875,1912.4100341796875,1915.5899658203125
1915.72998046875,1941.1400146484375,1915.4000244140625,1938.81005859375
1938.5,1952.7900390625,1921.6400146484375,1932.1199951171875
1932.699951171875,1951.300048828125,1932.0999755859375,1941.949951171875
1942.06005859375,1955.5999755859375,1935.4200439453125,1949.4200439453125
1949.0999755859375,1949.5999755859375,1934.1500244140625,1937.6600341796875
1937.739990234375,1939.18994140625,1922.699951171875,1929.9100341796875
1929.8800048828125,1931.0400390625,1920.0799560546875,1924.300048828125
1923.5400390625,1929.5,1921.800048828125,1926.030029296875
1925.93994140625,1938.6300048828125,1925.93994140625,1937.9300537109375
1936.2099609375,1938.030029296875,1930.0,1937.4300537109375
1937.449951171875,1937.449951171875,1922.8800048828125,1933.5400390625
1933.8900146484375,1940.6500244140625,1931.4000244140625,1931.4000244140625
1931.52001953125,1935.8399658203125,1925.9000244140625,1927.6500244140625
1927.43994140625,1928.6400146484375,1921.4200439453125,1926.3399658203125
1926.77001953125,1926.969970703125,1917.4599609375,1919.530029296875
1919.530029296875,1925.06005859375,1917.6099853515625,1918.4599609375
1918.760009765625,1927.6099853515625,1917.0699462890625,1921.949951171875
1921.510009765625,1925.9599609375,1920.0400390625,1924.4000244140625
1924.2099609375,1924.2099609375,1911.1400146484375,1914.199951171875
1914.300048828125,1926.1199951171875,1913.0999755859375,1925.550048828125
1925.7900390625,1930.3800048828125,1922.3699951171875,1923.1800537109375
1923.5,1929.5999755859375,1920.510009765625,1927.300048828125
1927.31005859375,1928.4599609375,1924.0,1925.260009765625
1925.0699462890625,1927.1199951171875,1894.0799560546875,1903.0999755859375
1903.550048828125,1908.1099853515625,1894.5799560546875,1897.3499755859375
1897.8299560546875,1905.7099609375,1891.6600341796875,1895.6500244140625
1895.2900390625,1896.22998046875,1881.6099853515625,1893.800048828125
1893.699951171875,1893.699951171875,1883.31005859375,1886.31005859375
1886.0999755859375,1890.449951171875,1875.949951171875,1877.0
1877.0999755859375,1882.760009765625,1874.3299560546875,1879.6400146484375
1879.68994140625,1882.0999755859375,1868.0,1874.1400146484375
1873.8599853515625,1887.300048828125,1872.9300537109375,1884.469970703125
1884.449951171875,1887.2900390625,1879.300048828125,1881.199951171875
1881.219970703125,1882.6199951171875,1873.260009765625,1881.969970703125
1882.02001953125,1883.1400146484375,1874.3199462890625,1876.9100341796875
1877.31005859375,1877.6099853515625,1860.8699951171875,1869.949951171875
1870.1500244140625,1876.199951171875,1869.1800537109375,1871.219970703125
1871.5999755859375,1877.1500244140625,1863.1099853515625,1867.8199462890625
1867.8199462890625,1879.6400146484375,1866.4000244140625,1879.199951171875
1879.4300537109375,1880.4000244140625,1873.2099609375,1874.56005859375
1874.800048828125,1880.7900390625,1872.0,1879.280029296875
1879.280029296875,1887.030029296875,1877.68994140625,1886.72998046875
1887.0,1908.02001953125,1887.0,1894.6600341796875
1894.68994140625,1894.8699951171875,1885.5,1886.6600341796875
1886.8199462890625,1887.8900146484375,1878.4000244140625,1886.6600341796875
1886.68994140625,1887.1199951171875,1878.8499755859375,1882.4000244140625
1882.260009765625,1883.2900390625,1875.1199951171875,1882.760009765625
1882.0799560546875,1884.3800048828125,1870.1600341796875,1870.72998046875
1872.5999755859375,1873.27001953125,1846.6099853515625,1854.719970703125
1855.9100341796875,1861.0899658203125,1846.0899658203125,1861.030029296875
1860.050048828125,1867.510009765625,1852.300048828125,1860.0
1860.0400390625,1864.5,1851.699951171875,1855.5999755859375
1855.5400390625,1865.0,1853.0899658203125,1864.9000244140625
1865.06005859375,1865.06005859375,1856.6500244140625,1860.800048828125
1861.3199462890625,1862.699951171875,1856.1500244140625,1862.0
1861.9200439453125,1863.6700439453125,1856.6500244140625,1859.22998046875
1859.2099609375,1859.5899658203125,1855.3499755859375,1855.6199951171875
1855.6199951171875,1860.0,1855.010009765625,1857.6800537109375
1857.6700439453125,1860.3699951171875,1857.25,1860.010009765625
1859.8900146484375,1862.989990234375,1855.5699462890625,1858.510009765625
1858.7099609375,1862.0899658203125,1856.47998046875,1858.5
1858.5999755859375,1860.0400390625,1856.530029296875,1857.9300537109375
1857.8499755859375,1858.9599609375,1854.3800048828125,1856.9200439453125
1856.969970703125,1860.949951171875,1856.93994140625,1859.6400146484375
1859.6300048828125,1861.2099609375,1855.1800537109375,1856.6400146484375
1856.5799560546875,1858.56005859375,1853.0,1857.1800537109375
1856.9000244140625,1857.1199951171875,1854.489990234375,1854.489990234375
1853.449951171875,1854.47998046875,1849.260009765625,1852.0799560546875
1852.1099853515625,1857.1600341796875,1850.219970703125,1856.5400390625
1856.75,1857.489990234375,1854.8499755859375,1856.77001953125
1856.77001953125,1858.199951171875,1855.800048828125,1856.06005859375
1856.0899658203125,1858.4300537109375,1855.0999755859375,1858.3699951171875
1858.3599853515625,1869.2900390625,1857.8800048828125,1865.260009765625
1865.530029296875,1867.4300537109375,1863.510009765625,1867.050048828125
1866.8599853515625,1869.6199951171875,1865.4000244140625,1866.0999755859375
1866.47998046875,1868.75,1862.969970703125,1866.3299560546875
1866.5999755859375,1872.6199951171875,1866.25,1871.3599853515625
1871.6300048828125,1874.5400390625,1870.530029296875,1873.739990234375
1873.699951171875,1874.8499755859375,1872.6099853515625,1873.06005859375
1873.2900390625,1873.2900390625,1868.8599853515625,1870.5
1870.510009765625,1873.0799560546875,1866.4300537109375,1870.989990234375
1871.0699462890625,1875.31005859375,1870.5,1874.1500244140625
1874.3599853515625,1874.6800537109375,1871.6099853515625,1873.050048828125
1873.010009765625,1879.5899658203125,1872.1600341796875,1879.5899658203125
1879.4599609375,1879.9599609375,1876.0999755859375,1877.0400390625
1877.1300048828125,1879.8199462890625,1875.47998046875,1879.1400146484375
1879.1500244140625,1882.4000244140625,1877.2900390625,1880.5899658203125
1880.81005859375,1887.4000244140625,1878.5899658203125,1884.6800537109375
1884.969970703125,1885.780029296875,1881.739990234375,1881.739990234375
1881.5999755859375,1883.6300048828125,1876.8599853515625,1883.3800048828125
1883.6300048828125,1884.6199951171875,1878.989990234375,1879.8499755859375
1879.8699951171875,1880.8800048828125,1877.68994140625,1879.8299560546875
1879.8399658203125,1884.0,1879.5400390625,1882.0899658203125
1882.27001953125,1885.8599853515625,1880.699951171875,1884.3199462890625
1884.2099609375,1886.0699462890625,1883.0400390625,1884.22998046875
1884.4100341796875,1890.800048828125,1883.81005859375,1884.780029296875
1884.8499755859375,1887.219970703125,1880.5699462890625,1885.010009765625
1885.0699462890625,1897.8399658203125,1885.0699462890625,1896.93994140625
1897.0799560546875,1914.77001953125,1896.239990234375,1913.2900390625
1914.27001953125,1926.0799560546875,1907.22998046875,1914.52001953125
1914.5899658203125,1916.030029296875,1909.0999755859375,1909.550048828125
1909.550048828125,1914.4300537109375,1909.280029296875,1912.739990234375
1912.739990234375,1914.1600341796875,1910.2099609375,1912.47998046875
1912.550048828125,1913.0,1909.800048828125,1912.02001953125
1912.4000244140625,1927.6800537109375,1912.0999755859375,1924.1800537109375
1931.3499755859375,1950.3900146484375,1931.3499755859375,1947.9100341796875
1950.5999755859375,1963.9000244140625,1945.9300537109375,1952.8900146484375
1953.3499755859375,1953.3499755859375,1937.9100341796875,1940.6800537109375
1940.760009765625,1946.6400146484375,1934.780029296875,1946.300048828125
1946.52001953125,1947.5899658203125,1939.949951171875,1941.25
1941.5699462890625,1949.06005859375,1940.6800537109375,1948.02001953125
1948.06005859375,1960.050048828125,1946.8900146484375,1951.6400146484375
1951.780029296875,1967.3699951171875,1950.469970703125,1963.9200439453125
1963.6400146484375,1975.4300537109375,1962.02001953125,1966.5
1966.760009765625,1969.8399658203125,1959.989990234375,1963.0
1963.9200439453125,1966.9000244140625,1960.510009765625,1963.300048828125
1962.3199462890625,1966.5899658203125,1955.5999755859375,1963.31005859375
1963.18994140625,1970.199951171875,1961.9000244140625,1965.9200439453125
1965.199951171875,1965.280029296875,1956.43994140625,1957.8900146484375
1958.300048828125,1962.949951171875,1941.4000244140625,1956.0899658203125
1956.22998046875,1975.4100341796875,1948.68994140625,1958.989990234375
1958.9000244140625,1964.699951171875,1918.1500244140625,1930.1700439453125
1929.9000244140625,1935.489990234375,1923.22998046875,1925.510009765625
1925.8900146484375,1944.6600341796875,1920.7900390625,1938.5
1938.02001953125,1944.1700439453125,1932.9599609375,1941.9000244140625
1941.949951171875,1942.5899658203125,1927.1700439453125,1937.199951171875
1937.22998046875,1953.5899658203125,1935.530029296875,1946.8199462890625
1948.25,1948.6700439453125,1941.5,1945.030029296875
1944.9300537109375,1948.06005859375,1939.1099853515625,1940.0
1939.989990234375,1939.989990234375,1890.8800048828125,1892.0
1889.2099609375,1894.199951171875,1882.199951171875,1890.6700439453125
1891.1099853515625,1892.780029296875,1876.030029296875,1877.1099853515625
1877.0999755859375,1880.9100341796875,1865.5999755859375,1874.1500244140625
1873.800048828125,1878.469970703125,1870.9000244140625,1874.0
1874.199951171875,1881.449951171875,1870.949951171875,1879.530029296875
1879.02001953125,1880.800048828125,1874.6600341796875,1877.3699951171875
1877.260009765625,1887.510009765625,1876.6300048828125,1881.31005859375
1881.0,1886.5999755859375,1876.699951171875,1886.5999755859375
1886.510009765625,1886.8599853515625,1878.0999755859375,1881.8800048828125
1881.2099609375,1883.6600341796875,1878.260009765625,1882.489990234375
1882.1600341796875,1882.9300537109375,1872.510009765625,1874.260009765625
1873.699951171875,1879.25,1872.010009765625,1876.9200439453125
1877.25,1880.22998046875,1869.719970703125,1874.7900390625
1874.8199462890625,1891.280029296875,1872.510009765625,1890.4000244140625
1891.0,1894.0899658203125,1856.219970703125,1872.0999755859375
1872.3599853515625,1890.989990234375,1865.6500244140625,1886.8900146484375
1886.5899658203125,1922.0999755859375,1882.77001953125,1918.300048828125
1917.9100341796875,1926.530029296875,1912.6600341796875,1924.010009765625
1923.699951171875,1923.699951171875,1892.0,1899.489990234375
1899.97998046875,1912.5999755859375,1899.97998046875,1908.8199462890625
1909.47998046875,1920.1600341796875,1909.280029296875,1919.510009765625
1920.1700439453125,1921.8299560546875,1914.239990234375,1916.1600341796875
1916.300048828125,1926.75,1916.260009765625,1921.8499755859375
1923.1199951171875,1924.6400146484375,1907.8499755859375,1909.760009765625
1909.6400146484375,1920.800048828125,1902.010009765625,1919.9000244140625
1920.1099853515625,1926.2099609375,1914.56005859375,1915.1700439453125
1914.72998046875,1916.010009765625,1902.9000244140625,1903.27001953125
1903.0999755859375,1917.1199951171875,1898.800048828125,1908.4000244140625
1907.9000244140625,1910.5,1888.4100341796875,1890.1600341796875
1890.43994140625,1903.5999755859375,1882.18994140625,1903.0400390625
1903.239990234375,1912.6600341796875,1901.6099853515625,1910.219970703125
1910.22998046875,1918.81005859375,1906.5699462890625,1917.81005859375
1918.5899658203125,1922.27001953125,1911.81005859375,1921.280029296875
1922.0,1922.989990234375,1909.8199462890625,1912.8599853515625
1912.75,1922.56005859375,1912.719970703125,1919.97998046875
1920.0899658203125,1920.199951171875,1908.5799560546875,1909.9300537109375
1909.8399658203125,1914.9000244140625,1908.3800048828125,1913.010009765625
1912.97998046875,1912.97998046875,1901.199951171875,1902.9200439453125
1902.800048828125,1909.0,1896.0699462890625,1907.18994140625
1908.0,1909.06005859375,1888.719970703125,1892.6500244140625
1892.800048828125,1896.0,1884.510009765625,1889.81005859375
1889.530029296875,1896.050048828125,1884.75,1892.56005859375
1892.530029296875,1913.4000244140625,1892.0999755859375,1912.9000244140625
1925.0,1932.0,1892.4000244140625,1918.199951171875
1918.199951171875,1920.4000244140625,1883.31005859375,1886.699951171875
1886.02001953125,1889.3599853515625,1876.6500244140625,1882.010009765625
1881.18994140625,1896.1500244140625,1873.7900390625,1896.1500244140625
1896.1300048828125,1908.8800048828125,1896.1300048828125,1904.6600341796875
1904.760009765625,1910.56005859375,1900.199951171875,1908.530029296875
1908.300048828125,1912.489990234375,1891.699951171875,1895.2900390625
1896.550048828125,1917.9300537109375,1895.1300048828125,1914.43994140625
1914.9000244140625,1917.489990234375,1907.8800048828125,1908.5
1908.5999755859375,1912.6199951171875,1905.199951171875,1907.5400390625
1908.0999755859375,1908.1800537109375,1899.1099853515625,1899.3199462890625
1899.5899658203125,1906.8599853515625,1897.699951171875,1903.800048828125
1903.5999755859375,1904.0999755859375,1896.8299560546875,1898.5999755859375
1898.5999755859375,1905.25,1897.6400146484375,1900.4599609375
1900.989990234375,1914.969970703125,1897.9100341796875,1912.5999755859375
1912.699951171875,1921.0,1911.6099853515625,1915.489990234375
1915.489990234375,1919.280029296875,1914.3499755859375,1915.9100341796875
1916.0799560546875,1923.5,1914.1300048828125,1920.550048828125
1921.77001953125,1924.4300537109375,1917.47998046875,1922.8900146484375
1923.0400390625,1933.8699951171875,1914.8499755859375,1927.8900146484375
1927.4200439453125,1928.1300048828125,1912.0999755859375,1915.6800537109375
1916.1199951171875,1922.1400146484375,1912.3599853515625,1916.699951171875
1917.22998046875,1923.739990234375,1913.81005859375,1917.3399658203125
1917.300048828125,1923.4100341796875,1914.3499755859375,1918.6700439453125
1918.8199462890625,1920.68994140625,1912.9599609375,1914.260009765625
1914.239990234375,1927.47998046875,1913.97998046875,1922.0799560546875
1921.8499755859375,1925.449951171875,1918.3299560546875,1919.56005859375
1919.780029296875,1922.800048828125,1915.6800537109375,1916.8900146484375
1916.1600341796875,1931.510009765625,1914.56005859375,1924.1199951171875
1923.8499755859375,1934.989990234375,1916.3599853515625,1916.8199462890625
1917.3199462890625,1920.6600341796875,1913.5,1914.93994140625
1916.0,1934.0,1905.9300537109375,1908.4000244140625
1907.8399658203125,1910.489990234375,1899.8499755859375,1902.1800537109375
1902.1800537109375,1909.6500244140625,1898.219970703125,1906.81005859375
1906.800048828125,1907.5,1901.4000244140625,1903.9200439453125
1904.010009765625,1907.3699951171875,1899.52001953125,1904.4000244140625
1904.27001953125,1908.9599609375,1898.31005859375,1900.8199462890625
1900.0,1900.6800537109375,1883.6400146484375,1888.1800537109375
1887.47998046875,1891.43994140625,1885.93994140625,1888.6400146484375
1888.780029296875,1889.510009765625,1879.7099609375,1881.949951171875
1881.5,1888.1600341796875,1876.0,1885.1199951171875
1885.6700439453125,1887.93994140625,1880.550048828125,1882.5999755859375
1882.8900146484375,1882.8900146484375,1871.530029296875,1880.550048828125
1880.8499755859375,1888.510009765625,1862.6099853515625,1864.72998046875
1864.1500244140625,1867.4000244140625,1847.219970703125,1857.530029296875
1855.800048828125,1863.9000244140625,1852.0999755859375,1860.56005859375
1860.68994140625,1865.0,1859.0400390625,1862.6300048828125
1862.5400390625,1876.1199951171875,1861.3699951171875,1873.1400146484375
1873.0699462890625,1874.97998046875,1863.0799560546875,1869.8599853515625
1869.6600341796875,1872.3299560546875,1863.43994140625,1866.3199462890625
1865.97998046875,1868.6300048828125,1859.550048828125,1860.4000244140625
1860.1300048828125,1862.8900146484375,1857.3199462890625,1860.0
1860.199951171875,1863.760009765625,1856.9599609375,1859.6300048828125
1859.8499755859375,1863.02001953125,1859.18994140625,1860.5999755859375
1860.9000244140625,1865.6600341796875,1860.4200439453125,1862.8599853515625
1862.8699951171875,1865.5999755859375,1862.8699951171875,1865.1600341796875
1865.1500244140625,1868.199951171875,1864.9200439453125,1866.5
1866.4200439453125,1868.1199951171875,1864.8399658203125,1868.0799560546875
1868.0999755859375,1868.7900390625,1866.1800537109375,1867.9100341796875
1867.9000244140625,1869.280029296875,1863.5799560546875,1865.5799560546875
1865.5799560546875,1869.0999755859375,1864.68994140625,1868.8900146484375
1868.5999755859375,1870.0799560546875,1866.5999755859375,1867.6800537109375
1867.800048828125,1868.3900146484375,1865.800048828125,1867.5999755859375
1867.6300048828125,1868.989990234375,1865.9300537109375,1866.199951171875
1867.300048828125,1867.3399658203125,1861.4100341796875,1865.5799560546875
1865.31005859375,1866.050048828125,1864.1300048828125,1865.18994140625
1866.1600341796875,1868.0999755859375,1865.3499755859375,1867.219970703125
1867.0,1867.780029296875,1865.969970703125,1867.4100341796875
1867.780029296875,1873.43994140625,1867.489990234375,1873.4100341796875
1873.280029296875,1873.699951171875,1868.43994140625,1868.43994140625
1868.260009765625,1871.7099609375,1864.7900390625,1867.18994140625
1867.1199951171875,1868.5999755859375,1856.300048828125,1860.469970703125
1860.239990234375,1861.31005859375,1820.8900146484375,1835.300048828125
1834.5999755859375,1838.6500244140625,1832.4599609375,1835.550048828125
1835.3199462890625,1838.6199951171875,1831.7099609375,1836.6800537109375
1836.5799560546875,1844.1600341796875,1835.1099853515625,1844.030029296875
1844.75,1847.489990234375,1842.93994140625,1845.5
1845.949951171875,1847.300048828125,1841.6099853515625,1843.1600341796875
1843.2099609375,1847.699951171875,1842.010009765625,1844.9599609375
1845.4000244140625,1857.31005859375,1845.199951171875,1855.1099853515625
1855.1800537109375,1881.5699462890625,1854.3599853515625,1875.0
1875.31005859375,1878.699951171875,1872.699951171875,1875.56005859375
1875.72998046875,1880.199951171875,1875.72998046875,1879.2099609375
1879.010009765625,1880.739990234375,1873.3699951171875,1874.56005859375
1874.5999755859375,1876.800048828125,1873.1199951171875,1875.6500244140625
1875.550048828125,1876.8599853515625,1873.699951171875,1874.050048828125
1874.219970703125,1877.0,1865.1700439453125,1866.2099609375
1866.3399658203125,1871.1400146484375,1861.0,1869.1099853515625
1868.8800048828125,1869.3199462890625,1863.56005859375,1866.8499755859375
1866.8299560546875,1867.7900390625,1847.75,1850.800048828125
1851.4000244140625,1858.4000244140625,1851.1700439453125,1855.3900146484375
1854.760009765625,1856.199951171875,1851.0,1853.1300048828125
1852.8499755859375,1856.9200439453125,1850.4599609375,1853.02001953125
1853.06005859375,1859.9599609375,1851.9599609375,1856.989990234375
1857.1800537109375,1863.8299560546875,1853.9599609375,1861.31005859375
1861.22998046875,1868.3699951171875,1860.4200439453125,1866.800048828125
1866.739990234375,1884.22998046875,1866.3900146484375,1873.719970703125
1873.6300048828125,1881.760009765625,1872.7099609375,1880.06005859375
1880.0799560546875,1883.550048828125,1877.68994140625,1881.699951171875
1881.81005859375,1896.1800537109375,1880.1199951171875,1888.3900146484375
1890.93994140625,1895.8499755859375,1879.1500244140625,1879.9100341796875
1879.6099853515625,1883.4000244140625,1874.300048828125,1883.3499755859375
1883.1700439453125,1883.800048828125,1869.6600341796875,1872.0999755859375
1871.0,1873.3299560546875,1863.6099853515625,1864.780029296875
1864.8299560546875,1869.5799560546875,1860.7099609375,1862.050048828125
1861.199951171875,1863.280029296875,1850.3399658203125,1854.739990234375
1854.77001953125,1860.699951171875,1852.4100341796875,1852.5799560546875
1852.719970703125,1858.489990234375,1851.3199462890625,1857.530029296875
1857.56005859375,1858.5699462890625,1844.699951171875,1846.72998046875
1847.0799560546875,1847.68994140625,1838.31005859375,1841.56005859375
1841.2099609375,1843.0999755859375,1827.0,1837.81005859375
1838.0,1851.3800048828125,1836.800048828125,1850.1099853515625
1850.2099609375,1852.1300048828125,1839.4200439453125,1843.6700439453125
1844.0999755859375,1845.3900146484375,1836.0400390625,1837.4000244140625
1837.1199951171875,1843.0,1834.280029296875,1841.22998046875
1841.3299560546875,1857.800048828125,1836.18994140625,1856.9200439453125
1856.719970703125,1871.8699951171875,1849.199951171875,1871.800048828125
1871.9300537109375,1871.9300537109375,1858.4300537109375,1861.260009765625
1861.9000244140625,1870.489990234375,1859.8299560546875,1864.3199462890625
1864.2900390625,1872.6700439453125,1861.6800537109375,1867.1300048828125
1867.1300048828125,1872.2900390625,1864.800048828125,1867.0
1867.550048828125,1874.4000244140625,1866.5899658203125,1868.5699462890625
1868.4599609375,1874.510009765625,1865.2099609375,1867.52001953125
1867.5400390625,1867.68994140625,1861.9300537109375,1861.93994140625
1862.1099853515625,1864.2900390625,1851.3599853515625,1858.6600341796875
1858.6800537109375,1858.8299560546875,1854.4000244140625,1858.6700439453125
1858.9599609375,1861.4300537109375,1847.06005859375,1848.93994140625
1849.2900390625,1867.68994140625,1847.6400146484375,1865.5999755859375
1866.8499755859375,1869.9000244140625,1860.219970703125,1864.3399658203125
1864.31005859375,1865.030029296875,1856.68994140625,1862.4599609375
1862.5999755859375,1872.6800537109375,1860.3399658203125,1866.18994140625
1866.4599609375,1868.3399658203125,1862.3299560546875,1862.6600341796875
1862.6400146484375,1867.050048828125,1853.2099609375,1855.22998046875
1855.219970703125,1862.72998046875,1851.43994140625,1862.010009765625
1862.010009765625,1863.800048828125,1855.0400390625,1855.760009765625
1855.530029296875,1856.6800537109375,1851.449951171875,1856.6700439453125
1856.4000244140625,1870.719970703125,1851.9000244140625,1864.9100341796875
1865.18994140625,1872.8299560546875,1864.2900390625,1870.9000244140625
1870.9300537109375,1879.8199462890625,1866.3499755859375,1873.510009765625
1873.300048828125,1875.7900390625,1857.699951171875,1859.5899658203125
1859.6300048828125,1873.8900146484375,1856.530029296875,1871.1199951171875
1871.6700439453125,1876.1199951171875,1860.2900390625,1871.4100341796875
1871.9000244140625,1871.9000244140625,1864.010009765625,1868.239990234375
1868.780029296875,1876.300048828125,1865.47998046875,1868.050048828125
1868.0400390625,1879.5,1868.0400390625,1873.9000244140625
1873.72998046875,1880.0799560546875,1872.510009765625,1873.52001953125
1873.9000244140625,1878.449951171875,1865.0,1875.199951171875
1875.3499755859375,1875.3499755859375,1870.3299560546875,1870.68994140625
1870.5799560546875,1875.5799560546875,1867.2900390625,1874.18994140625
1874.3499755859375,1879.6099853515625,1867.510009765625,1868.3900146484375
1868.31005859375,1872.0,1862.0999755859375,1862.469970703125
1862.5899658203125,1873.0,1859.81005859375,1871.8800048828125
1872.199951171875,1876.489990234375,1870.989990234375,1872.97998046875
1872.9000244140625,1874.6700439453125,1863.0,1866.1400146484375
1866.1400146484375,1867.989990234375,1863.469970703125,1865.8199462890625
1865.530029296875,1875.77001953125,1865.530029296875,1871.8800048828125
1871.6400146484375,1872.0400390625,1866.5999755859375,1868.25
1868.27001953125,1870.6099853515625,1861.7900390625,1870.6099853515625
1870.93994140625,1872.6700439453125,1866.0799560546875,1868.0899658203125
1868.0999755859375,1873.0699462890625,1867.02001953125,1870.3299560546875
1870.3299560546875,1874.31005859375,1864.6099853515625,1866.719970703125
1866.56005859375,1869.4100341796875,1865.75,1867.1099853515625
1866.93994140625,1883.18994140625,1865.6199951171875,1874.5699462890625
1875.3299560546875,1878.030029296875,1854.31005859375,1878.030029296875
1876.7900390625,1881.0,1867.68994140625,1874.510009765625
1874.530029296875,1881.510009765625,1871.3199462890625,1872.4100341796875
1872.280029296875,1895.06005859375,1872.06005859375,1893.949951171875
1894.43994140625,1915.81005859375,1889.4000244140625,1914.5
1914.5,1926.0999755859375,1912.280029296875,1916.760009765625
1915.81005859375,1919.75,1914.0899658203125,1915.6199951171875
1916.25,1923.1600341796875,1915.25,1915.56005859375
1915.6400146484375,1915.8900146484375,1905.3299560546875,1906.9200439453125
1907.280029296875,1911.75,1904.989990234375,1905.27001953125
1905.199951171875,1910.4300537109375,1903.0,1907.2900390625
1907.75,1911.969970703125,1905.550048828125,1908.550048828125
1908.3699951171875,1909.4599609375,1901.27001953125,1904.93994140625
1904.280029296875,1909.0,1893.2900390625,1897.4100341796875
1897.4000244140625,1897.56005859375,1893.5400390625,1897.219970703125
1896.8499755859375,1906.550048828125,1893.9599609375,1906.0899658203125
1906.2099609375,1916.8199462890625,1905.5999755859375,1912.469970703125
1911.8800048828125,1912.9200439453125,1907.6600341796875,1911.6700439453125
1911.6800537109375,1913.199951171875,1905.3499755859375,1907.1199951171875
1907.969970703125,1917.1700439453125,1906.8399658203125,1914.199951171875
1914.260009765625,1914.75,1902.9100341796875,1905.6600341796875
1905.6600341796875,1905.6600341796875,1899.469970703125,1900.739990234375
1900.52001953125,1907.3399658203125,1894.8399658203125,1905.8399658203125
1905.8199462890625,1905.969970703125,1896.43994140625,1896.75
1896.8199462890625,1909.199951171875,1890.52001953125,1905.8399658203125
1905.6500244140625,1916.1600341796875,1901.9100341796875,1913.239990234375
1913.530029296875,1918.1099853515625,1909.050048828125,1909.1099853515625
1909.6199951171875,1914.760009765625,1906.93994140625,1914.010009765625
1914.510009765625,1916.72998046875,1908.800048828125,1912.43994140625
1912.52001953125,1912.5999755859375,1902.43994140625,1904.4300537109375
1904.800048828125,1910.0,1904.239990234375,1908.5699462890625
1908.699951171875,1909.5,1904.4300537109375,1905.6600341796875
1905.6500244140625,1908.0,1904.3299560546875,1904.5799560546875
1904.800048828125,1906.0,1900.8900146484375,1903.719970703125
1903.3299560546875,1904.3699951171875,1897.1300048828125,1902.4200439453125
1902.030029296875,1903.800048828125,1898.18994140625,1902.18994140625
1902.2900390625,1905.8199462890625,1897.52001953125,1901.780029296875
1901.4000244140625,1906.8599853515625,1896.510009765625,1900.97998046875
1900.8499755859375,1902.1300048828125,1895.1300048828125,1895.6800537109375
1895.280029296875,1899.0999755859375,1892.72998046875,1895.6500244140625
1895.6500244140625,1900.739990234375,1893.8699951171875,1899.9200439453125
1899.7099609375,1906.06005859375,1898.5999755859375,1903.0400390625
1902.800048828125,1905.780029296875,1900.9300537109375,1900.9300537109375
1900.4599609375,1912.4000244140625,1900.4599609375,1909.3599853515625
1909.27001953125,1916.260009765625,1909.0,1911.7900390625
1912.300048828125,1914.4599609375,1911.2900390625,1911.4300537109375
1911.4200439453125,1919.449951171875,1911.4200439453125,1914.8900146484375
1914.9000244140625,1938.8800048828125,1914.9000244140625,1930.989990234375
1931.4000244140625,1933.5,1920.3599853515625,1921.9000244140625
1922.18994140625,1925.2099609375,1909.4300537109375,1912.1099853515625
1911.760009765625,1919.68994140625,1911.3499755859375,1916.5899658203125
1917.0799560546875,1923.8699951171875,1908.0899658203125,1908.0899658203125
1908.1600341796875,1911.6700439453125,1904.6600341796875,1911.2099609375
1911.010009765625,1914.2900390625,1904.8599853515625,1908.8399658203125
1909.3299560546875,1919.27001953125,1908.97998046875,1917.8399658203125
1918.1800537109375,1919.3800048828125,1913.2900390625,1913.8599853515625
1913.7099609375,1919.0,1911.4000244140625,1915.489990234375
1915.0999755859375,1915.6400146484375,1912.989990234375,1913.989990234375
1913.989990234375,1915.3299560546875,1913.02001953125,1913.1500244140625
1913.1600341796875,1914.06005859375,1911.5899658203125,1913.5699462890625
1913.3299560546875,1915.2900390625,1913.280029296875,1913.719970703125
1913.719970703125,1913.8299560546875,1911.6300048828125,1912.4599609375
1912.489990234375,1918.3900146484375,1912.489990234375,1917.1099853515625
1917.1099853515625,1918.52001953125,1915.2099609375,1916.2099609375
1916.1800537109375,1917.949951171875,1914.81005859375,1916.5699462890625
1916.739990234375,1917.0999755859375,1915.3299560546875,1915.550048828125
1915.760009765625,1915.969970703125,1913.2099609375,1914.27001953125
1914.260009765625,1916.9000244140625,1913.6700439453125,1915.8800048828125
1915.989990234375,1921.8499755859375,1915.0999755859375,1917.719970703125
1917.72998046875,1921.6600341796875,1917.719970703125,1919.989990234375
1920.0,1921.3299560546875,1918.199951171875,1919.6099853515625
1919.6099853515625,1921.0,1917.6099853515625,1918.0999755859375
1918.1800537109375,1919.530029296875,1917.3900146484375,1918.949951171875
1918.9000244140625,1924.8399658203125,1918.9000244140625,1922.5999755859375
1922.6500244140625,1923.2900390625,1920.239990234375,1921.239990234375
1921.22998046875,1923.5899658203125,1920.4300537109375,1921.4200439453125
1921.510009765625,1924.8900146484375,1920.9100341796875,1922.47998046875
1922.47998046875,1922.47998046875,1918.52001953125,1920.1099853515625
1920.0999755859375,1920.280029296875,1918.4000244140625,1919.1600341796875
1918.6099853515625,1919.9100341796875,1918.4100341796875,1918.8399658203125
1918.77001953125,1920.989990234375,1918.6300048828125,1919.239990234375
1919.719970703125,1919.9100341796875,1915.3199462890625,1915.43994140625
1914.9300537109375,1917.4300537109375,1913.3499755859375,1915.4200439453125
1915.3800048828125,1917.06005859375,1914.9200439453125,1916.510009765625
1916.199951171875,1918.6199951171875,1911.9000244140625,1914.739990234375
1914.6500244140625,1915.31005859375,1912.3399658203125,1913.4599609375
1913.1600341796875,1913.4100341796875,1911.300048828125,1912.699951171875
1912.699951171875,1914.260009765625,1911.52001953125,1911.8399658203125
1911.7900390625,1913.699951171875,1911.68994140625,1913.1500244140625
1913.1500244140625,1918.02001953125,1912.72998046875,1917.7099609375
1917.6700439453125,1917.9000244140625,1915.5899658203125,1917.5
1917.6199951171875,1923.4000244140625,1912.8299560546875,1914.47998046875
1914.300048828125,1919.9000244140625,1912.010009765625,1919.8299560546875
1919.8399658203125,1921.0999755859375,1918.199951171875,1918.719970703125
1918.800048828125,1919.8599853515625,1917.1199951171875,1917.9300537109375
1917.97998046875,1917.989990234375,1915.280029296875,1916.27001953125
1916.280029296875,1924.280029296875,1916.280029296875,1921.989990234375
1921.989990234375,1924.8900146484375,1921.1700439453125,1923.489990234375
1923.6700439453125,1925.0,1922.7099609375,1924.6400146484375
1924.8299560546875,1924.93994140625,1920.2099609375,1922.719970703125
1922.699951171875,1923.760009765625,1921.6700439453125,1921.6700439453125
1921.6700439453125,1922.5699462890625,1919.1800537109375,1920.0999755859375
1920.1300048828125,1921.22998046875,1919.81005859375,1920.5799560546875
1920.5699462890625,1920.9300537109375,1916.7099609375,1919.780029296875
1919.7900390625,1924.93994140625,1918.5999755859375,1923.219970703125
1923.9599609375,1935.9000244140625,1914.0,1918.280029296875
1917.800048828125,1919.0899658203125,1906.4100341796875,1909.0899658203125
1908.3499755859375,1924.8800048828125,1904.5999755859375,1911.0699462890625
1911.31005859375,1929.199951171875,1906.530029296875,1923.9200439453125
1924.68994140625,1924.800048828125,1911.31005859375,1920.9000244140625
1922.5899658203125,1923.0,1912.1500244140625,1915.8399658203125
1915.510009765625,1919.47998046875,1911.3599853515625,1914.1199951171875
1913.760009765625,1923.510009765625,1913.760009765625,1921.6300048828125
1922.239990234375,1927.5899658203125,1921.6500244140625,1926.489990234375
1927.0,1929.27001953125,1923.239990234375,1923.97998046875
1923.969970703125,1928.2099609375,1921.760009765625,1925.199951171875
1924.800048828125,1925.56005859375,1914.4000244140625,1914.9000244140625
1914.7099609375,1919.1199951171875,1914.3199462890625,1915.989990234375
1916.06005859375,1919.300048828125,1912.9599609375,1918.5
1918.489990234375,1921.4200439453125,1903.5400390625,1904.6400146484375
1904.0400390625,1908.81005859375,1892.969970703125,1895.699951171875
1895.1099853515625,1900.5999755859375,1890.25,1891.6199951171875
1890.3499755859375,1890.530029296875,1870.030029296875,1875.02001953125
1874.27001953125,1877.0999755859375,1867.010009765625,1870.3399658203125
1870.3399658203125,1875.489990234375,1866.800048828125,1871.8699951171875
1871.949951171875,1873.260009765625,1866.199951171875,1870.7099609375
1870.739990234375,1878.8199462890625,1870.739990234375,1876.6400146484375
1876.280029296875,1879.4100341796875,1875.550048828125,1877.81005859375
1877.72998046875,1877.72998046875,1871.8800048828125,1872.5400390625
1873.1199951171875,1876.449951171875,1870.3299560546875,1874.530029296875
1874.489990234375,1874.530029296875,1868.4599609375,1871.260009765625
1871.3399658203125,1874.280029296875,1869.25,1873.510009765625
1873.300048828125,1876.8599853515625,1871.449951171875,1876.1500244140625
1876.1500244140625,1877.3299560546875,1875.4200439453125,1876.8199462890625
1876.8299560546875,1880.010009765625,1876.8199462890625,1879.0799560546875
1879.0899658203125,1880.1700439453125,1874.4300537109375,1874.4300537109375
1874.18994140625,1875.280029296875,1870.02001953125,1872.1400146484375
1872.0699462890625,1873.2900390625,1869.56005859375,1872.5
1872.510009765625,1877.489990234375,1868.9000244140625,1876.010009765625
1876.1800537109375,1878.6300048828125,1873.8299560546875,1877.5799560546875
1877.5699462890625,1883.7900390625,1875.5999755859375,1883.7900390625
1883.4300537109375,1887.0400390625,1881.510009765625,1884.6099853515625
1885.219970703125,1893.97998046875,1884.7099609375,1891.4200439453125
1891.800048828125,1895.9200439453125,1885.6600341796875,1886.3199462890625
1886.0,1890.6300048828125,1882.0400390625,1888.31005859375
1888.0999755859375,1889.7900390625,1868.56005859375,1871.8599853515625
1871.8900146484375,1875.989990234375,1853.199951171875,1861.199951171875
1861.199951171875,1865.5899658203125,1858.25,1863.18994140625
1863.469970703125,1866.1199951171875,1861.0799560546875,1862.739990234375
1862.6099853515625,1864.93994140625,1859.31005859375,1864.3900146484375
1864.4200439453125,1882.43994140625,1861.050048828125,1879.68994140625
1880.5999755859375,1883.8800048828125,1876.8900146484375,1880.47998046875
1880.3299560546875,1883.6300048828125,1878.6700439453125,1883.0
1883.199951171875,1885.6600341796875,1877.800048828125,1880.6300048828125
1880.4000244140625,1882.75,1877.219970703125,1880.719970703125
1880.6099853515625,1881.8699951171875,1878.9200439453125,1880.760009765625
1880.800048828125,1884.9599609375,1879.52001953125,1882.9200439453125
1883.5,1886.260009765625,1881.7900390625,1882.77001953125
1882.81005859375,1885.6400146484375,1881.0799560546875,1884.9599609375
1885.1300048828125,1891.3599853515625,1883.6400146484375,1887.800048828125
1887.800048828125,1890.8199462890625,1885.02001953125,1890.199951171875
1889.949951171875,1889.949951171875,1883.6800537109375,1885.9000244140625
1886.25,1890.0799560546875,1884.6800537109375,1890.010009765625
1889.8900146484375,1894.31005859375,1888.9100341796875,1889.1199951171875
1889.1099853515625,1907.800048828125,1888.1500244140625,1904.1500244140625
1904.6300048828125,1913.2900390625,1904.199951171875,1907.5
1907.47998046875,1914.3599853515625,1905.8399658203125,1913.9100341796875
1914.6199951171875,1921.9300537109375,1903.989990234375,1909.8299560546875
1909.8699951171875,1910.43994140625,1898.6600341796875,1899.5400390625
1898.989990234375,1901.9000244140625,1883.47998046875,1884.969970703125
1885.72998046875,1894.3900146484375,1882.9599609375,1890.699951171875
1890.4599609375,1893.8499755859375,1887.25,1888.81005859375
1888.8399658203125,1889.8800048828125,1883.260009765625,1886.02001953125
1885.56005859375,1889.02001953125,1883.3499755859375,1883.449951171875
1883.0,1884.780029296875,1875.760009765625,1877.1700439453125
1877.06005859375,1885.489990234375,1875.8900146484375,1884.5999755859375
1884.5899658203125,1887.2099609375,1872.6400146484375,1876.0400390625
1875.3299560546875,1879.31005859375,1873.780029296875,1876.550048828125
1876.4200439453125,1878.3299560546875,1873.0799560546875,1877.6800537109375
1877.530029296875,1882.800048828125,1875.4000244140625,1878.260009765625
1878.1199951171875,1880.93994140625,1873.31005859375,1876.1400146484375
1875.9599609375,1881.18994140625,1871.3599853515625,1879.989990234375
1879.8699951171875,1886.780029296875,1879.530029296875,1885.5699462890625
1885.68994140625,1892.68994140625,1883.4200439453125,1890.3299560546875
1890.25,1897.800048828125,1889.77001953125,1893.9100341796875
1893.9100341796875,1896.8199462890625,1890.22998046875,1896.8199462890625
1896.8900146484375,1896.8900146484375,1893.449951171875,1893.8699951171875
1894.0,1895.4000244140625,1886.760009765625,1888.2900390625
1888.300048828125,1888.9100341796875,1879.6800537109375,1887.77001953125
1888.3900146484375,1888.3900146484375,1880.199951171875,1881.0699462890625
1880.780029296875,1881.6400146484375,1873.4100341796875,1878.3499755859375
1878.1199951171875,1887.8900146484375,1877.0400390625,1887.0400390625
1887.47998046875,1893.68994140625,1884.989990234375,1888.3900146484375
1888.550048828125,1895.469970703125,1886.5799560546875,1891.2099609375
1891.800048828125,1894.260009765625,1878.3900146484375,1878.3900146484375
1878.9100341796875,1883.1300048828125,1861.9100341796875,1872.6600341796875
1872.9000244140625,1878.97998046875,1871.699951171875,1874.9300537109375
1875.0400390625,1885.300048828125,1874.6199951171875,1883.5699462890625
1883.8699951171875,1890.7900390625,1883.199951171875,1885.31005859375
1885.75,1887.760009765625,1883.530029296875,1884.4200439453125
1884.0699462890625,1887.6400146484375,1883.97998046875,1886.97998046875
1887.2900390625,1891.050048828125,1886.760009765625,1887.72998046875
1887.8299560546875,1887.8299560546875,1882.9000244140625,1884.6099853515625
1884.8299560546875,1887.780029296875,1882.0999755859375,1887.6600341796875
1887.739990234375,1888.510009765625,1883.1199951171875,1887.81005859375
1887.8299560546875,1889.489990234375,1884.280029296875,1884.8299560546875
1884.780029296875,1887.4200439453125,1880.72998046875,1881.260009765625
1881.0,1886.1400146484375,1880.3699951171875,1882.97998046875
1882.97998046875,1883.780029296875,1878.6700439453125,1882.0899658203125
1882.2099609375,1882.2099609375,1870.93994140625,1870.93994140625
1870.9300537109375,1876.3299560546875,1870.4300537109375,1871.1800537109375
1871.25,1876.219970703125,1867.43994140625,1876.1400146484375
1876.8499755859375,1876.8499755859375,1869.199951171875,1871.06005859375
1870.739990234375,1876.0799560546875,1870.3699951171875,1873.93994140625
1873.8199462890625,1878.8399658203125,1872.8599853515625,1876.31005859375
1876.5,1877.469970703125,1870.8900146484375,1871.22998046875
1871.6500244140625,1871.800048828125,1864.52001953125,1867.3199462890625
1867.550048828125,1871.3900146484375,1862.18994140625,1864.9300537109375
1864.9100341796875,1882.6400146484375,1864.18994140625,1879.239990234375
1879.2099609375,1886.1300048828125,1877.31005859375,1883.3699951171875
1883.6400146484375,1885.8299560546875,1874.6300048828125,1876.6300048828125
1876.6600341796875,1877.0400390625,1871.699951171875,1873.6300048828125
1873.530029296875,1880.2900390625,1871.6800537109375,1878.9200439453125
1879.2900390625,1879.9000244140625,1876.8699951171875,1878.56005859375
1878.5699462890625,1879.449951171875,1875.5,1877.530029296875
1877.3199462890625,1879.1800537109375,1874.5,1877.8800048828125
1877.8599853515625,1880.8599853515625,1876.9100341796875,1880.4100341796875
1880.5,1881.719970703125,1879.8399658203125,1880.68994140625
1880.6800537109375,1882.97998046875,1879.27001953125,1882.260009765625
1882.2900390625,1884.0699462890625,1882.239990234375,1883.1199951171875
1883.25,1884.8399658203125,1880.8599853515625,1880.8900146484375
1881.1800537109375,1883.7900390625,1881.0799560546875,1882.5799560546875
1882.4300537109375,1883.25,1877.739990234375,1878.9599609375
1879.06005859375,1881.719970703125,1878.0899658203125,1880.3599853515625
1880.3299560546875,1880.7900390625,1878.219970703125,1878.56005859375
1878.510009765625,1879.7099609375,1874.7099609375,1875.0999755859375
1875.3299560546875,1879.239990234375,1873.77001953125,1878.4100341796875
1878.5999755859375,1879.449951171875,1876.22998046875,1879.1600341796875
1878.949951171875,1879.4000244140625,1877.1700439453125,1877.2900390625
1877.1400146484375,1881.780029296875,1876.2099609375,1881.56005859375
1881.260009765625,1882.8399658203125,1880.2900390625,1881.5
1881.5,1882.6099853515625,1879.43994140625,1881.47998046875
1881.3699951171875,1883.8900146484375,1880.949951171875,1882.8900146484375
1883.010009765625,1883.81005859375,1881.72998046875,1883.0899658203125
1882.8499755859375,1884.3699951171875,1880.9599609375,1882.4000244140625
1882.4100341796875,1883.7900390625,1880.56005859375,1880.8699951171875
1880.800048828125,1882.8800048828125,1880.6400146484375,1882.3599853515625
1882.3599853515625,1882.530029296875,1880.719970703125,1881.3299560546875
1881.31005859375,1883.6400146484375,1881.31005859375,1883.1300048828125
1883.1400146484375,1883.77001953125,1882.239990234375,1882.5799560546875
1882.6800537109375,1882.75,1880.0,1880.9599609375
1880.8800048828125,1881.510009765625,1879.81005859375,1880.6500244140625
1880.22998046875,1880.3800048828125,1875.1700439453125,1878.6199951171875
1878.3800048828125,1883.1600341796875,1877.0999755859375,1881.7900390625
1881.8800048828125,1882.3199462890625,1880.8900146484375,1881.010009765625
1881.02001953125,1882.6800537109375,1879.0,1879.949951171875
1879.9000244140625,1880.1800537109375,1877.5899658203125,1878.1199951171875
1878.18994140625,1879.81005859375,1877.010009765625,1878.6600341796875
1878.6600341796875,1879.8599853515625,1877.949951171875,1879.300048828125
1879.300048828125,1879.5999755859375,1878.4000244140625,1878.8299560546875
1878.9200439453125,1880.27001953125,1877.1400146484375,1878.1400146484375
1878.1400146484375,1879.1300048828125,1877.6300048828125,1878.760009765625
1878.760009765625,1879.1300048828125,1877.9100341796875,1878.9100341796875
1878.9000244140625,1878.9000244140625,1877.3499755859375,1877.75
1877.760009765625,1879.9100341796875,1877.75,1879.9100341796875
1879.9200439453125,1882.510009765625,1879.9200439453125,1881.3800048828125
1881.5699462890625,1882.969970703125,1880.6400146484375,1882.010009765625
1882.02001953125,1889.989990234375,1882.02001953125,1887.5899658203125
1888.199951171875,1888.56005859375,1882.0899658203125,1883.1199951171875
1883.3800048828125,1884.449951171875,1880.760009765625,1883.68994140625
1883.699951171875,1886.8900146484375,1882.7099609375,1884.1500244140625
1884.3199462890625,1885.5899658203125,1879.7099609375,1880.0999755859375
1879.699951171875,1881.1400146484375,1868.6500244140625,1873.719970703125
1873.260009765625,1876.1400146484375,1867.3199462890625,1874.0799560546875
1873.3499755859375,1875.6099853515625,1871.510009765625,1874.1300048828125
1874.0999755859375,1877.93994140625,1870.6099853515625,1876.77001953125
1876.3199462890625,1895.25,1876.3199462890625,1889.52001953125
1890.9000244140625,1904.77001953125,1886.68994140625,1900.4000244140625
1901.9300537109375,1902.06005859375,1896.02001953125,1899.06005859375
1899.3599853515625,1902.9599609375,1899.3599853515625,1901.780029296875
1901.6199951171875,1902.260009765625,1896.4100341796875,1897.7900390625
1897.7900390625,1910.199951171875,1896.1400146484375,1905.1400146484375
1905.81005859375,1905.81005859375,1899.0999755859375,1899.1400146484375
1899.25,1899.9599609375,1889.68994140625,1892.3699951171875
1892.3900146484375,1895.4599609375,1891.1700439453125,1891.969970703125
1891.9200439453125,1907.2900390625,1890.0899658203125,1905.0400390625
1904.8800048828125,1906.6500244140625,1902.0799560546875,1902.7099609375
1902.7900390625,1904.760009765625,1895.06005859375,1896.93994140625
1896.949951171875,1906.6099853515625,1893.8800048828125,1902.8699951171875
1903.010009765625,1908.77001953125,1896.300048828125,1907.699951171875
1907.6700439453125,1913.5899658203125,1902.9000244140625,1911.4599609375
1912.1300048828125,1912.1300048828125,1903.760009765625,1905.3599853515625
1905.4100341796875,1912.6700439453125,1902.949951171875,1907.1800537109375
1907.02001953125,1911.1500244140625,1905.5999755859375,1908.4100341796875
1907.9599609375,1909.4000244140625,1904.989990234375,1905.6300048828125
1905.8699951171875,1908.9599609375,1903.27001953125,1904.8800048828125
1905.1800537109375,1907.22998046875,1904.3299560546875,1904.75
1905.2900390625,1906.47998046875,1901.9100341796875,1902.760009765625
1902.9599609375,1917.06005859375,1902.280029296875,1911.93994140625
1912.510009765625,1912.800048828125,1907.1500244140625,1908.0799560546875
1908.3599853515625,1908.6500244140625,1898.1700439453125,1899.9000244140625
1899.4300537109375,1901.9300537109375,1888.010009765625,1891.3900146484375
1891.4200439453125,1893.8299560546875,1884.3399658203125,1892.8900146484375
1892.6600341796875,1895.81005859375,1889.6800537109375,1894.77001953125
1894.5899658203125,1896.9100341796875,1891.0400390625,1893.9000244140625
1893.719970703125,1905.1700439453125,1891.6800537109375,1901.3299560546875
1901.22998046875,1901.6099853515625,1895.5999755859375,1896.93994140625
1896.8599853515625,1900.02001953125,1892.1199951171875,1898.3800048828125
1897.72998046875,1898.0899658203125,1893.510009765625,1894.800048828125
1894.97998046875,1897.0999755859375,1893.2900390625,1896.0899658203125
1895.56005859375,1903.8199462890625,1895.56005859375,1901.2099609375
1901.1099853515625,1902.0,1897.3199462890625,1897.6500244140625
1897.199951171875,1898.280029296875,1892.0699462890625,1896.0
1896.4599609375,1922.1199951171875,1895.47998046875,1909.75
1910.0999755859375,1918.260009765625,1907.0999755859375,1916.469970703125
1916.97998046875,1921.489990234375,1911.5999755859375,1917.3800048828125
1917.5,1917.5,1910.1300048828125,1910.22998046875
1909.760009765625,1916.4599609375,1909.760009765625,1915.31005859375
1915.0,1916.3399658203125,1911.7900390625,1912.199951171875
1912.699951171875,1914.5,1910.3699951171875,1911.52001953125
1911.43994140625,1913.760009765625,1909.8199462890625,1910.969970703125
1910.56005859375,1914.050048828125,1910.4200439453125,1912.239990234375
1911.7099609375,1919.0,1911.699951171875,1916.739990234375
1916.739990234375,1917.93994140625,1910.8299560546875,1912.2099609375
1912.030029296875,1916.800048828125,1910.8399658203125,1912.280029296875
1912.010009765625,1912.550048828125,1905.969970703125,1906.280029296875
1906.300048828125,1913.9599609375,1904.8900146484375,1910.4100341796875
1910.4100341796875,1913.0799560546875,1908.5899658203125,1909.1099853515625
1909.0799560546875,1912.52001953125,1908.3499755859375,1908.699951171875
1909.4100341796875,1916.1300048828125,1904.81005859375,1916.0899658203125
1916.6700439453125,1919.77001953125,1913.9000244140625,1914.4599609375
1914.300048828125,1928.3900146484375,1913.6300048828125,1920.0999755859375
1920.239990234375,1922.47998046875,1916.43994140625,1917.6300048828125
1917.6199951171875,1918.800048828125,1915.739990234375,1918.510009765625
1918.27001953125,1924.8399658203125,1918.1600341796875,1921.550048828125
1921.5400390625,1941.1800537109375,1920.8499755859375,1935.699951171875
1935.6099853515625,1939.4200439453125,1927.0,1931.31005859375
1932.1099853515625,1976.719970703125,1931.550048828125,1968.5999755859375
1971.0999755859375,2104.6298828125,1966.1300048828125,2085.35009765625
2085.360107421875,2106.429931640625,2081.739990234375,2088.77001953125
2088.969970703125,2091.969970703125,2068.300048828125,2090.6201171875
2091.320068359375,2091.9599609375,2079.0,2091.6201171875
2091.27001953125,2105.260009765625,2088.5,2101.929931640625
2102.580078125,2235.64990234375,2101.43994140625,2218.300048828125
2221.469970703125,2334.14990234375,2216.199951171875,2285.47998046875
2286.1201171875,2289.0400390625,2242.0400390625,2248.820068359375
2249.22998046875,2259.97998046875,2242.3701171875,2252.050048828125
2251.68994140625,2272.6201171875,2250.969970703125,2261.139892578125
2259.75,2269.5400390625,2248.919921875,2265.449951171875
2265.580078125,2269.320068359375,2248.4599609375,2250.780029296875
2250.360107421875,2254.919921875,2221.5400390625,2249.169921875
2249.27001953125,2256.27001953125,2247.25,2248.550048828125
2248.550048828125,2255.1201171875,2242.080078125,2246.75
2246.159912109375,2265.5400390625,2237.510009765625,2261.10009765625
2260.860107421875,2262.1201171875,2243.179931640625,2250.18994140625
2250.199951171875,2284.3701171875,2247.639892578125,2280.0
2280.409912109375,2296.10009765625,2273.800048828125,2276.949951171875
2277.409912109375,2292.949951171875,2274.8798828125,2285.139892578125
2284.739990234375,2317.050048828125,2280.75,2294.820068359375
2295.3701171875,2298.820068359375,2267.56005859375,2288.60009765625
2288.969970703125,2296.199951171875,2256.010009765625,2274.5
2274.60009765625,2287.699951171875,2269.77001953125,2279.909912109375
2280.14990234375,2334.510009765625,2279.97998046875,2325.93994140625
2325.68994140625,2357.889892578125,2313.5400390625,2343.199951171875
2342.5,2349.8798828125,2331.760009765625,2343.52001953125
2343.89990234375,2347.1201171875,2310.2099609375,2315.85009765625
2316.52001953125,2332.340087890625,2311.610107421875,2322.14990234375
2323.780029296875,2330.8701171875,2313.93994140625,2317.909912109375
2317.719970703125,2324.93994140625,2313.010009765625,2318.449951171875
2318.449951171875,2318.800048828125,2307.610107421875,2313.659912109375
2313.6298828125,2337.969970703125,2312.8701171875,2326.35009765625
2326.60009765625,2349.909912109375,2324.72998046875,2340.239990234375
2339.47998046875,2379.0,2337.0,2358.199951171875
2358.85009765625,2363.909912109375,2343.18994140625,2344.669921875
2345.3701171875,2353.5400390625,2337.14990234375,2340.030029296875
2341.18994140625,2354.89990234375,2341.18994140625,2353.030029296875
2353.0,2367.31005859375,2348.889892578125,2367.31005859375
2365.800048828125,2378.010009765625,2354.139892578125,2371.280029296875
2371.260009765625,2396.780029296875,2367.800048828125,2369.7900390625
2371.469970703125,2447.090087890625,2370.409912109375,2444.14990234375
2445.22998046875,2445.22998046875,2376.89990234375,2403.60009765625
2403.39990234375,2411.27001953125,2390.800048828125,2394.969970703125
2396.02001953125,2397.429931640625,2357.18994140625,2369.5
2370.219970703125,2396.14990234375,2364.60009765625,2387.56005859375
2388.39990234375,2405.39990234375,2369.06005859375,2388.260009765625
2386.449951171875,2396.669921875,2369.0,2393.159912109375
2393.590087890625,2407.89990234375,2390.669921875,2392.889892578125
2393.5,2411.97998046875,2383.800048828125,2405.080078125
2405.0400390625,2427.280029296875,2402.10009765625,2423.1201171875
2423.389892578125,2431.169921875,2395.2900390625,2419.6201171875
2420.31005859375,2420.31005859375,2407.02001953125,2413.2099609375
2414.6298828125,2447.409912109375,2408.280029296875,2440.47998046875
2440.330078125,2520.0,2434.56005859375,2513.7099609375
2513.320068359375,2545.659912109375,2507.300048828125,2521.179931640625
2522.830078125,2545.159912109375,2510.0400390625,2516.179931640625
2515.820068359375,2522.60009765625,2492.139892578125,2521.81005859375
2521.85009765625,2528.389892578125,2508.239990234375,2508.239990234375
2507.9599609375,2522.090087890625,2497.260009765625,2515.469970703125
2515.3798828125,2526.43994140625,2512.47998046875,2514.659912109375
2515.030029296875,2529.219970703125,2505.889892578125,2514.81005859375
2513.81005859375,2518.199951171875,2387.93994140625,2440.239990234375
2439.360107421875,2443.389892578125,2413.27001953125,2437.56005859375
2437.199951171875,2447.25,2426.419921875,2432.760009765625
2433.75,2440.780029296875,2412.68994140625,2425.510009765625
2425.5,2428.909912109375,2413.300048828125,2421.68994140625
2421.719970703125,2422.22998046875,2389.9599609375,2412.85009765625
2412.56005859375,2426.72998046875,2405.260009765625,2424.02001953125
2423.77001953125,2437.929931640625,2419.330078125,2428.39990234375
2428.64990234375,2432.89990234375,2422.090087890625,2429.97998046875
2430.080078125,2431.429931640625,2413.9599609375,2415.010009765625
